# Booking

INSERT INTO `Booking` (`idBooking`, `iduser`, `seats`, `timestamp`, `status`, `showid`) VALUES (8, 1, '1', '2022-06-27 20:28:23', 'InProgress', 552571);
INSERT INTO `Booking` (`idBooking`, `iduser`, `seats`, `timestamp`, `status`, `showid`) VALUES (14, 79495730, '75', '2022-03-10 19:27:58', 'Booked', 59153);
INSERT INTO `Booking` (`idBooking`, `iduser`, `seats`, `timestamp`, `status`, `showid`) VALUES (29, 977698, '18', '2022-11-02 06:06:46', 'InProgress', 198331751);
INSERT INTO `Booking` (`idBooking`, `iduser`, `seats`, `timestamp`, `status`, `showid`) VALUES (30, 274729, '6', '2022-04-09 04:03:52', 'InProgress', 78287807);
INSERT INTO `Booking` (`idBooking`, `iduser`, `seats`, `timestamp`, `status`, `showid`) VALUES (33, 98764122, '34', '2022-10-13 11:56:16', 'Booked', 98502);
INSERT INTO `Booking` (`idBooking`, `iduser`, `seats`, `timestamp`, `status`, `showid`) VALUES (39, 941, '39', '2022-09-28 09:27:03', 'Booked', 7406744);
INSERT INTO `Booking` (`idBooking`, `iduser`, `seats`, `timestamp`, `status`, `showid`) VALUES (42, 2015032, '23', '2022-05-01 02:24:06', 'Booked', 6960);
INSERT INTO `Booking` (`idBooking`, `iduser`, `seats`, `timestamp`, `status`, `showid`) VALUES (44, 9929762, '69', '2022-02-04 20:11:20', 'Booked', 24376);
INSERT INTO `Booking` (`idBooking`, `iduser`, `seats`, `timestamp`, `status`, `showid`) VALUES (46, 432777, '18', '2022-03-14 21:45:21', 'InProgress', 2571);
INSERT INTO `Booking` (`idBooking`, `iduser`, `seats`, `timestamp`, `status`, `showid`) VALUES (47, 5114425, '46', '2022-09-26 23:19:47', 'Failed', 9027);
INSERT INTO `Booking` (`idBooking`, `iduser`, `seats`, `timestamp`, `status`, `showid`) VALUES (48, 53, '31', '2022-11-24 20:24:26', 'Booked', 788600);
INSERT INTO `Booking` (`idBooking`, `iduser`, `seats`, `timestamp`, `status`, `showid`) VALUES (49, 68858, '40', '2021-12-03 12:13:02', 'Failed', 352);
INSERT INTO `Booking` (`idBooking`, `iduser`, `seats`, `timestamp`, `status`, `showid`) VALUES (52, 164723193, '72', '2022-06-26 08:10:54', 'Failed', 123113);
INSERT INTO `Booking` (`idBooking`, `iduser`, `seats`, `timestamp`, `status`, `showid`) VALUES (53, 12741, '59', '2022-03-14 23:39:28', 'Failed', 184);
INSERT INTO `Booking` (`idBooking`, `iduser`, `seats`, `timestamp`, `status`, `showid`) VALUES (54, 532, '51', '2022-10-30 06:01:20', 'InProgress', 27);
INSERT INTO `Booking` (`idBooking`, `iduser`, `seats`, `timestamp`, `status`, `showid`) VALUES (56, 532, '63', '2022-04-20 19:02:46', 'Booked', 3719079);
INSERT INTO `Booking` (`idBooking`, `iduser`, `seats`, `timestamp`, `status`, `showid`) VALUES (59, 9929762, '43', '2022-10-15 15:49:14', 'Booked', 883492853);
INSERT INTO `Booking` (`idBooking`, `iduser`, `seats`, `timestamp`, `status`, `showid`) VALUES (60, 44, '60', '2021-12-27 12:42:01', 'Failed', 6);
INSERT INTO `Booking` (`idBooking`, `iduser`, `seats`, `timestamp`, `status`, `showid`) VALUES (61, 3901, '60', '2022-01-03 15:23:26', 'InProgress', 9183106);
INSERT INTO `Booking` (`idBooking`, `iduser`, `seats`, `timestamp`, `status`, `showid`) VALUES (63, 77113370, '33', '2022-08-10 20:02:39', 'Failed', 53262);
INSERT INTO `Booking` (`idBooking`, `iduser`, `seats`, `timestamp`, `status`, `showid`) VALUES (64, 837, '51', '2022-06-01 05:58:00', 'Failed', 6441002);
INSERT INTO `Booking` (`idBooking`, `iduser`, `seats`, `timestamp`, `status`, `showid`) VALUES (66, 8834, '29', '2022-07-10 02:30:58', 'InProgress', 159);
INSERT INTO `Booking` (`idBooking`, `iduser`, `seats`, `timestamp`, `status`, `showid`) VALUES (67, 681, '70', '2022-10-31 20:30:20', 'InProgress', 37);
INSERT INTO `Booking` (`idBooking`, `iduser`, `seats`, `timestamp`, `status`, `showid`) VALUES (70, 93424, '28', '2022-08-26 06:20:31', 'Failed', 77720807);
INSERT INTO `Booking` (`idBooking`, `iduser`, `seats`, `timestamp`, `status`, `showid`) VALUES (74, 6053, '74', '2022-08-29 23:24:41', 'InProgress', 9518522);
INSERT INTO `Booking` (`idBooking`, `iduser`, `seats`, `timestamp`, `status`, `showid`) VALUES (86, 75725, '41', '2022-09-20 14:39:22', 'InProgress', 748);
INSERT INTO `Booking` (`idBooking`, `iduser`, `seats`, `timestamp`, `status`, `showid`) VALUES (88, 647219763, '14', '2022-03-01 06:12:44', 'Failed', 243322);
INSERT INTO `Booking` (`idBooking`, `iduser`, `seats`, `timestamp`, `status`, `showid`) VALUES (90, 65405473, '26', '2022-06-12 02:08:20', 'Failed', 49349);
INSERT INTO `Booking` (`idBooking`, `iduser`, `seats`, `timestamp`, `status`, `showid`) VALUES (91, 5114425, '59', '2022-01-27 16:25:46', 'Booked', 562519134);
INSERT INTO `Booking` (`idBooking`, `iduser`, `seats`, `timestamp`, `status`, `showid`) VALUES (92, 115, '46', '2022-11-13 03:47:18', 'InProgress', 2112964);
INSERT INTO `Booking` (`idBooking`, `iduser`, `seats`, `timestamp`, `status`, `showid`) VALUES (96, 636208, '66', '2022-10-20 14:19:18', 'Failed', 97067876);
INSERT INTO `Booking` (`idBooking`, `iduser`, `seats`, `timestamp`, `status`, `showid`) VALUES (97, 0, '1', '2022-04-18 08:20:20', 'InProgress', 0);
INSERT INTO `Booking` (`idBooking`, `iduser`, `seats`, `timestamp`, `status`, `showid`) VALUES (98, 3, '37', '2022-09-07 14:41:38', 'InProgress', 3);
INSERT INTO `Booking` (`idBooking`, `iduser`, `seats`, `timestamp`, `status`, `showid`) VALUES (102, 44, '65', '2021-12-30 22:46:10', 'Failed', 681473);
INSERT INTO `Booking` (`idBooking`, `iduser`, `seats`, `timestamp`, `status`, `showid`) VALUES (103, 416707, '18', '2022-06-23 12:29:57', 'Booked', 1619);
INSERT INTO `Booking` (`idBooking`, `iduser`, `seats`, `timestamp`, `status`, `showid`) VALUES (105, 681, '30', '2022-02-11 05:34:52', 'Failed', 6173882);
INSERT INTO `Booking` (`idBooking`, `iduser`, `seats`, `timestamp`, `status`, `showid`) VALUES (107, 274729, '69', '2022-09-22 07:37:00', 'Booked', 1216);
INSERT INTO `Booking` (`idBooking`, `iduser`, `seats`, `timestamp`, `status`, `showid`) VALUES (110, 2261, '15', '2022-01-27 02:55:42', 'InProgress', 51);
INSERT INTO `Booking` (`idBooking`, `iduser`, `seats`, `timestamp`, `status`, `showid`) VALUES (111, 93064, '75', '2022-10-16 13:06:28', 'Booked', 77058336);
INSERT INTO `Booking` (`idBooking`, `iduser`, `seats`, `timestamp`, `status`, `showid`) VALUES (112, 825125, '24', '2022-02-12 07:23:41', 'Failed', 4719);
INSERT INTO `Booking` (`idBooking`, `iduser`, `seats`, `timestamp`, `status`, `showid`) VALUES (113, 6990714, '30', '2022-01-20 03:12:18', 'Booked', 883121482);
INSERT INTO `Booking` (`idBooking`, `iduser`, `seats`, `timestamp`, `status`, `showid`) VALUES (114, 604, '6', '2022-10-04 01:05:09', 'InProgress', 4181514);
INSERT INTO `Booking` (`idBooking`, `iduser`, `seats`, `timestamp`, `status`, `showid`) VALUES (117, 4517943, '61', '2022-07-17 14:41:52', 'InProgress', 8562);
INSERT INTO `Booking` (`idBooking`, `iduser`, `seats`, `timestamp`, `status`, `showid`) VALUES (120, 952904846, '9', '2021-12-23 21:40:49', 'Booked', 538449);
INSERT INTO `Booking` (`idBooking`, `iduser`, `seats`, `timestamp`, `status`, `showid`) VALUES (121, 941, '7', '2022-03-22 03:27:46', 'InProgress', 48);
INSERT INTO `Booking` (`idBooking`, `iduser`, `seats`, `timestamp`, `status`, `showid`) VALUES (127, 8774, '72', '2022-10-13 13:11:19', 'Failed', 10389107);
INSERT INTO `Booking` (`idBooking`, `iduser`, `seats`, `timestamp`, `status`, `showid`) VALUES (131, 3901, '23', '2022-05-09 09:02:50', 'InProgress', 52);
INSERT INTO `Booking` (`idBooking`, `iduser`, `seats`, `timestamp`, `status`, `showid`) VALUES (132, 46115, '27', '2022-10-02 22:49:38', 'Failed', 274);
INSERT INTO `Booking` (`idBooking`, `iduser`, `seats`, `timestamp`, `status`, `showid`) VALUES (134, 2137, '78', '2022-06-17 06:19:39', 'Booked', 49);
INSERT INTO `Booking` (`idBooking`, `iduser`, `seats`, `timestamp`, `status`, `showid`) VALUES (136, 71939, '53', '2022-02-28 00:41:19', 'Failed', 533);
INSERT INTO `Booking` (`idBooking`, `iduser`, `seats`, `timestamp`, `status`, `showid`) VALUES (138, 6053, '21', '2022-02-14 12:20:38', 'Failed', 81);
INSERT INTO `Booking` (`idBooking`, `iduser`, `seats`, `timestamp`, `status`, `showid`) VALUES (140, 12741, '47', '2022-03-10 00:33:07', 'InProgress', 14219242);
INSERT INTO `Booking` (`idBooking`, `iduser`, `seats`, `timestamp`, `status`, `showid`) VALUES (143, 7770, '45', '2022-10-21 07:49:07', 'Failed', 83);
INSERT INTO `Booking` (`idBooking`, `iduser`, `seats`, `timestamp`, `status`, `showid`) VALUES (144, 2261, '69', '2022-03-02 02:00:26', 'Booked', 7536388);
INSERT INTO `Booking` (`idBooking`, `iduser`, `seats`, `timestamp`, `status`, `showid`) VALUES (145, 2015032, '41', '2022-05-11 16:46:30', 'Failed', 210537658);
INSERT INTO `Booking` (`idBooking`, `iduser`, `seats`, `timestamp`, `status`, `showid`) VALUES (148, 75725, '37', '2022-04-02 16:51:32', 'Booked', 50962402);
INSERT INTO `Booking` (`idBooking`, `iduser`, `seats`, `timestamp`, `status`, `showid`) VALUES (150, 0, '22', '2022-10-05 05:57:39', 'Booked', 548803);
INSERT INTO `Booking` (`idBooking`, `iduser`, `seats`, `timestamp`, `status`, `showid`) VALUES (151, 837, '25', '2022-04-28 15:13:44', 'Booked', 42);
INSERT INTO `Booking` (`idBooking`, `iduser`, `seats`, `timestamp`, `status`, `showid`) VALUES (154, 115, '3', '2022-03-14 02:48:51', 'Booked', 11);
INSERT INTO `Booking` (`idBooking`, `iduser`, `seats`, `timestamp`, `status`, `showid`) VALUES (155, 84, '70', '2022-11-15 10:19:45', 'InProgress', 8);
INSERT INTO `Booking` (`idBooking`, `iduser`, `seats`, `timestamp`, `status`, `showid`) VALUES (162, 432777, '54', '2022-04-28 23:24:12', 'Failed', 92890378);
INSERT INTO `Booking` (`idBooking`, `iduser`, `seats`, `timestamp`, `status`, `showid`) VALUES (164, 604, '33', '2022-07-25 19:14:43', 'Failed', 34);
INSERT INTO `Booking` (`idBooking`, `iduser`, `seats`, `timestamp`, `status`, `showid`) VALUES (167, 440545321, '35', '2022-09-06 11:58:12', 'InProgress', 132043);
INSERT INTO `Booking` (`idBooking`, `iduser`, `seats`, `timestamp`, `status`, `showid`) VALUES (168, 46115, '15', '2022-05-23 22:21:59', 'Failed', 16953217);
INSERT INTO `Booking` (`idBooking`, `iduser`, `seats`, `timestamp`, `status`, `showid`) VALUES (169, 3444297, '72', '2021-12-10 02:58:18', 'InProgress', 7254);
INSERT INTO `Booking` (`idBooking`, `iduser`, `seats`, `timestamp`, `status`, `showid`) VALUES (174, 61696229, '49', '2022-11-14 05:36:51', 'InProgress', 43192);
INSERT INTO `Booking` (`idBooking`, `iduser`, `seats`, `timestamp`, `status`, `showid`) VALUES (176, 636208, '46', '2022-10-12 11:16:19', 'InProgress', 3181);
INSERT INTO `Booking` (`idBooking`, `iduser`, `seats`, `timestamp`, `status`, `showid`) VALUES (177, 9, '17', '2022-05-08 13:27:24', 'Failed', 593235);
INSERT INTO `Booking` (`idBooking`, `iduser`, `seats`, `timestamp`, `status`, `showid`) VALUES (178, 3, '20', '2022-11-19 23:34:42', 'InProgress', 561917);
INSERT INTO `Booking` (`idBooking`, `iduser`, `seats`, `timestamp`, `status`, `showid`) VALUES (184, 84, '60', '2022-03-08 04:16:51', 'InProgress', 822105);
INSERT INTO `Booking` (`idBooking`, `iduser`, `seats`, `timestamp`, `status`, `showid`) VALUES (186, 4517943, '3', '2022-07-26 04:39:39', 'Failed', 340034619);
INSERT INTO `Booking` (`idBooking`, `iduser`, `seats`, `timestamp`, `status`, `showid`) VALUES (187, 3444297, '40', '2022-05-23 15:01:57', 'Booked', 218220562);
INSERT INTO `Booking` (`idBooking`, `iduser`, `seats`, `timestamp`, `status`, `showid`) VALUES (188, 432374, '58', '2022-07-01 08:36:25', 'Booked', 82468093);
INSERT INTO `Booking` (`idBooking`, `iduser`, `seats`, `timestamp`, `status`, `showid`) VALUES (189, 93424, '52', '2022-07-29 10:38:46', 'Booked', 1002);
INSERT INTO `Booking` (`idBooking`, `iduser`, `seats`, `timestamp`, `status`, `showid`) VALUES (194, 825125, '72', '2021-12-31 20:48:00', 'Failed', 120138526);
INSERT INTO `Booking` (`idBooking`, `iduser`, `seats`, `timestamp`, `status`, `showid`) VALUES (195, 71939, '38', '2022-04-02 08:58:24', 'Failed', 31312762);
INSERT INTO `Booking` (`idBooking`, `iduser`, `seats`, `timestamp`, `status`, `showid`) VALUES (196, 30278, '40', '2022-11-20 01:40:42', 'Booked', 14986223);
INSERT INTO `Booking` (`idBooking`, `iduser`, `seats`, `timestamp`, `status`, `showid`) VALUES (197, 6021834, '36', '2022-10-10 03:09:53', 'Booked', 606945575);
INSERT INTO `Booking` (`idBooking`, `iduser`, `seats`, `timestamp`, `status`, `showid`) VALUES (200, 926821080, '53', '2021-12-22 12:23:16', 'Failed', 529835);
INSERT INTO `Booking` (`idBooking`, `iduser`, `seats`, `timestamp`, `status`, `showid`) VALUES (204, 6021834, '19', '2022-07-01 11:04:27', 'Failed', 20943);
INSERT INTO `Booking` (`idBooking`, `iduser`, `seats`, `timestamp`, `status`, `showid`) VALUES (205, 62428631, '57', '2022-06-04 06:51:11', 'InProgress', 47956);
INSERT INTO `Booking` (`idBooking`, `iduser`, `seats`, `timestamp`, `status`, `showid`) VALUES (206, 93064, '65', '2022-03-10 03:54:00', 'InProgress', 980);
INSERT INTO `Booking` (`idBooking`, `iduser`, `seats`, `timestamp`, `status`, `showid`) VALUES (211, 6990714, '31', '2022-03-01 15:14:40', 'InProgress', 22510);
INSERT INTO `Booking` (`idBooking`, `iduser`, `seats`, `timestamp`, `status`, `showid`) VALUES (212, 416707, '64', '2022-10-24 23:06:02', 'Failed', 80066164);
INSERT INTO `Booking` (`idBooking`, `iduser`, `seats`, `timestamp`, `status`, `showid`) VALUES (213, 398, '74', '2022-03-29 12:00:44', 'InProgress', 2381088);
INSERT INTO `Booking` (`idBooking`, `iduser`, `seats`, `timestamp`, `status`, `showid`) VALUES (215, 1, '34', '2021-12-24 04:22:02', 'Failed', 1);
INSERT INTO `Booking` (`idBooking`, `iduser`, `seats`, `timestamp`, `status`, `showid`) VALUES (216, 8774, '55', '2022-08-04 11:54:20', 'InProgress', 98);
INSERT INTO `Booking` (`idBooking`, `iduser`, `seats`, `timestamp`, `status`, `showid`) VALUES (217, 8834, '46', '2022-01-10 16:05:46', 'Failed', 10417415);
INSERT INTO `Booking` (`idBooking`, `iduser`, `seats`, `timestamp`, `status`, `showid`) VALUES (218, 4315216, '29', '2022-09-14 12:55:26', 'InProgress', 259870305);
INSERT INTO `Booking` (`idBooking`, `iduser`, `seats`, `timestamp`, `status`, `showid`) VALUES (219, 68858, '40', '2022-10-24 15:01:06', 'InProgress', 25792751);
INSERT INTO `Booking` (`idBooking`, `iduser`, `seats`, `timestamp`, `status`, `showid`) VALUES (220, 7770, '45', '2022-07-15 10:43:08', 'InProgress', 9648713);
INSERT INTO `Booking` (`idBooking`, `iduser`, `seats`, `timestamp`, `status`, `showid`) VALUES (222, 432374, '18', '2022-02-21 01:56:13', 'InProgress', 2188);
INSERT INTO `Booking` (`idBooking`, `iduser`, `seats`, `timestamp`, `status`, `showid`) VALUES (224, 398, '52', '2022-10-17 00:01:04', 'InProgress', 22);
INSERT INTO `Booking` (`idBooking`, `iduser`, `seats`, `timestamp`, `status`, `showid`) VALUES (231, 30278, '74', '2022-05-22 10:22:51', 'Failed', 199);
INSERT INTO `Booking` (`idBooking`, `iduser`, `seats`, `timestamp`, `status`, `showid`) VALUES (235, 977698, '54', '2022-07-26 23:25:29', 'Failed', 5216);
INSERT INTO `Booking` (`idBooking`, `iduser`, `seats`, `timestamp`, `status`, `showid`) VALUES (240, 53, '54', '2022-08-28 03:38:31', 'InProgress', 7);
INSERT INTO `Booking` (`idBooking`, `iduser`, `seats`, `timestamp`, `status`, `showid`) VALUES (242, 4315216, '6', '2022-06-27 22:48:44', 'InProgress', 7943);
INSERT INTO `Booking` (`idBooking`, `iduser`, `seats`, `timestamp`, `status`, `showid`) VALUES (243, 9, '11', '2022-03-20 14:08:39', 'Failed', 4);
INSERT INTO `Booking` (`idBooking`, `iduser`, `seats`, `timestamp`, `status`, `showid`) VALUES (246, 90180744, '39', '2022-04-04 11:17:56', 'InProgress', 67641);
INSERT INTO `Booking` (`idBooking`, `iduser`, `seats`, `timestamp`, `status`, `showid`) VALUES (248, 2137, '79', '2022-03-30 21:51:41', 'InProgress', 7429725);

#City

INSERT INTO `city` (`idcity`, `name`, `state`, `zipcode`) VALUES (3, 'East Trishaburgh', 'Illinois', '83644-2397');
INSERT INTO `city` (`idcity`, `name`, `state`, `zipcode`) VALUES (5, 'Berrybury', 'Massachusetts', '54420');
INSERT INTO `city` (`idcity`, `name`, `state`, `zipcode`) VALUES (6, 'Winfieldside', 'Wyoming', '33342');
INSERT INTO `city` (`idcity`, `name`, `state`, `zipcode`) VALUES (8, 'New Kavontown', 'Nevada', '42170');
INSERT INTO `city` (`idcity`, `name`, `state`, `zipcode`) VALUES (9, 'Fordfort', 'Missouri', '60721-7327');
INSERT INTO `city` (`idcity`, `name`, `state`, `zipcode`) VALUES (10, 'South Reytown', 'Hawaii', '07384-2649');
INSERT INTO `city` (`idcity`, `name`, `state`, `zipcode`) VALUES (12, 'Lake Elvie', 'Maine', '56136');
INSERT INTO `city` (`idcity`, `name`, `state`, `zipcode`) VALUES (14, 'Lake Patriciashire', 'Illinois', '31433-3418');
INSERT INTO `city` (`idcity`, `name`, `state`, `zipcode`) VALUES (16, 'East Raymondview', 'Virginia', '63126');
INSERT INTO `city` (`idcity`, `name`, `state`, `zipcode`) VALUES (17, 'Keenanville', 'Massachusetts', '17742');
INSERT INTO `city` (`idcity`, `name`, `state`, `zipcode`) VALUES (20, 'Lake Moshe', 'Maine', '88891');
INSERT INTO `city` (`idcity`, `name`, `state`, `zipcode`) VALUES (22, 'Asiashire', 'Connecticut', '57904');
INSERT INTO `city` (`idcity`, `name`, `state`, `zipcode`) VALUES (23, 'Kirlinhaven', 'Washington', '98219-8834');
INSERT INTO `city` (`idcity`, `name`, `state`, `zipcode`) VALUES (24, 'West Jaketon', 'Kansas', '56681');
INSERT INTO `city` (`idcity`, `name`, `state`, `zipcode`) VALUES (25, 'Bettieside', 'NorthDakota', '43010');
INSERT INTO `city` (`idcity`, `name`, `state`, `zipcode`) VALUES (27, 'Baumbachborough', 'SouthCarolina', '57662-4142');
INSERT INTO `city` (`idcity`, `name`, `state`, `zipcode`) VALUES (30, 'Nashtown', 'Kansas', '41913');
INSERT INTO `city` (`idcity`, `name`, `state`, `zipcode`) VALUES (31, 'Lake Jasenport', 'Texas', '98353');
INSERT INTO `city` (`idcity`, `name`, `state`, `zipcode`) VALUES (32, 'Kurthaven', 'Alaska', '14561-9118');
INSERT INTO `city` (`idcity`, `name`, `state`, `zipcode`) VALUES (35, 'Rebekastad', 'Idaho', '57607-5107');
INSERT INTO `city` (`idcity`, `name`, `state`, `zipcode`) VALUES (41, 'Lockmanport', 'Michigan', '68804');
INSERT INTO `city` (`idcity`, `name`, `state`, `zipcode`) VALUES (42, 'Kuhicshire', 'Missouri', '78093');
INSERT INTO `city` (`idcity`, `name`, `state`, `zipcode`) VALUES (43, 'North Kaci', 'Oregon', '26841');
INSERT INTO `city` (`idcity`, `name`, `state`, `zipcode`) VALUES (45, 'New Allene', 'NorthDakota', '13403-3086');
INSERT INTO `city` (`idcity`, `name`, `state`, `zipcode`) VALUES (46, 'East Darryl', 'Vermont', '86937');
INSERT INTO `city` (`idcity`, `name`, `state`, `zipcode`) VALUES (47, 'South Robin', 'Missouri', '38674-2705');
INSERT INTO `city` (`idcity`, `name`, `state`, `zipcode`) VALUES (51, 'Port Imeldastad', 'District of Columbia', '01405-9609');
INSERT INTO `city` (`idcity`, `name`, `state`, `zipcode`) VALUES (53, 'Creminborough', 'Washington', '26580');
INSERT INTO `city` (`idcity`, `name`, `state`, `zipcode`) VALUES (55, 'North Elmoretown', 'Ohio', '58906');
INSERT INTO `city` (`idcity`, `name`, `state`, `zipcode`) VALUES (57, 'Willmstown', 'Wyoming', '40988');
INSERT INTO `city` (`idcity`, `name`, `state`, `zipcode`) VALUES (60, 'Lake Katlyn', 'Florida', '13624-9902');
INSERT INTO `city` (`idcity`, `name`, `state`, `zipcode`) VALUES (63, 'Jacquesfurt', 'Wisconsin', '17638-3387');
INSERT INTO `city` (`idcity`, `name`, `state`, `zipcode`) VALUES (64, 'South Boriston', 'Tennessee', '35865');
INSERT INTO `city` (`idcity`, `name`, `state`, `zipcode`) VALUES (69, 'New Horacio', 'Florida', '03793');
INSERT INTO `city` (`idcity`, `name`, `state`, `zipcode`) VALUES (70, 'New Cleoborough', 'Illinois', '92789');
INSERT INTO `city` (`idcity`, `name`, `state`, `zipcode`) VALUES (71, 'West Alisha', 'Florida', '83996-6101');
INSERT INTO `city` (`idcity`, `name`, `state`, `zipcode`) VALUES (73, 'South Romaineshire', 'SouthCarolina', '01532');
INSERT INTO `city` (`idcity`, `name`, `state`, `zipcode`) VALUES (74, 'New Karellechester', 'Maine', '88688-7960');
INSERT INTO `city` (`idcity`, `name`, `state`, `zipcode`) VALUES (76, 'West Ludwig', 'Florida', '67725');
INSERT INTO `city` (`idcity`, `name`, `state`, `zipcode`) VALUES (78, 'Budfort', 'NorthCarolina', '17319');
INSERT INTO `city` (`idcity`, `name`, `state`, `zipcode`) VALUES (79, 'New Davin', 'Kansas', '51841');
INSERT INTO `city` (`idcity`, `name`, `state`, `zipcode`) VALUES (81, 'Port Ellistown', 'NewJersey', '94492-7543');
INSERT INTO `city` (`idcity`, `name`, `state`, `zipcode`) VALUES (85, 'Dixiefurt', 'NewYork', '70638-4081');
INSERT INTO `city` (`idcity`, `name`, `state`, `zipcode`) VALUES (86, 'Lavonneport', 'NorthDakota', '30501');
INSERT INTO `city` (`idcity`, `name`, `state`, `zipcode`) VALUES (87, 'Franeckimouth', 'District of Columbia', '74959-1381');
INSERT INTO `city` (`idcity`, `name`, `state`, `zipcode`) VALUES (88, 'Port Wileyport', 'Arizona', '24381-7765');
INSERT INTO `city` (`idcity`, `name`, `state`, `zipcode`) VALUES (93, 'Eichmannberg', 'Virginia', '05633-0181');
INSERT INTO `city` (`idcity`, `name`, `state`, `zipcode`) VALUES (95, 'East Abbieside', 'Florida', '79729');
INSERT INTO `city` (`idcity`, `name`, `state`, `zipcode`) VALUES (102, 'Greentown', 'Wyoming', '61054-4000');
INSERT INTO `city` (`idcity`, `name`, `state`, `zipcode`) VALUES (103, 'Deliaburgh', 'NorthCarolina', '87593-3620');
INSERT INTO `city` (`idcity`, `name`, `state`, `zipcode`) VALUES (106, 'New Maymie', 'NorthDakota', '67622-1699');
INSERT INTO `city` (`idcity`, `name`, `state`, `zipcode`) VALUES (108, 'Port Joelle', 'Maryland', '12785');
INSERT INTO `city` (`idcity`, `name`, `state`, `zipcode`) VALUES (109, 'West Raphaelle', 'NewJersey', '87033');
INSERT INTO `city` (`idcity`, `name`, `state`, `zipcode`) VALUES (112, 'East Yoshiko', 'Washington', '59440-1035');
INSERT INTO `city` (`idcity`, `name`, `state`, `zipcode`) VALUES (113, 'South Beth', 'Kentucky', '37774-4303');
INSERT INTO `city` (`idcity`, `name`, `state`, `zipcode`) VALUES (114, 'Lake Brayan', 'Alaska', '02568');
INSERT INTO `city` (`idcity`, `name`, `state`, `zipcode`) VALUES (119, 'Lake Jermainefort', 'Ohio', '68144-5996');
INSERT INTO `city` (`idcity`, `name`, `state`, `zipcode`) VALUES (121, 'Lake Rodgerstad', 'Maine', '60320');
INSERT INTO `city` (`idcity`, `name`, `state`, `zipcode`) VALUES (122, 'Thurmanberg', 'California', '42287-2744');
INSERT INTO `city` (`idcity`, `name`, `state`, `zipcode`) VALUES (124, 'Powlowskiton', 'Vermont', '83802-6114');
INSERT INTO `city` (`idcity`, `name`, `state`, `zipcode`) VALUES (125, 'Port Alejandrinhaven', 'Oregon', '31295-6789');
INSERT INTO `city` (`idcity`, `name`, `state`, `zipcode`) VALUES (127, 'Kulasside', 'Texas', '14599');
INSERT INTO `city` (`idcity`, `name`, `state`, `zipcode`) VALUES (129, 'Strackebury', 'District of Columbia', '42224');
INSERT INTO `city` (`idcity`, `name`, `state`, `zipcode`) VALUES (130, 'East Cecilia', 'NewMexico', '35506-7633');
INSERT INTO `city` (`idcity`, `name`, `state`, `zipcode`) VALUES (132, 'Johnathanhaven', 'Utah', '59133');
INSERT INTO `city` (`idcity`, `name`, `state`, `zipcode`) VALUES (133, 'Littletown', 'SouthCarolina', '07828-3899');
INSERT INTO `city` (`idcity`, `name`, `state`, `zipcode`) VALUES (134, 'Lake Hilarioside', 'Connecticut', '41501');
INSERT INTO `city` (`idcity`, `name`, `state`, `zipcode`) VALUES (135, 'Port Marjoryport', 'SouthDakota', '64918');
INSERT INTO `city` (`idcity`, `name`, `state`, `zipcode`) VALUES (136, 'South Reneechester', 'SouthDakota', '59489-6269');
INSERT INTO `city` (`idcity`, `name`, `state`, `zipcode`) VALUES (139, 'Davidhaven', 'Maryland', '69253-0099');
INSERT INTO `city` (`idcity`, `name`, `state`, `zipcode`) VALUES (142, 'Lake Shannyton', 'Georgia', '88872');
INSERT INTO `city` (`idcity`, `name`, `state`, `zipcode`) VALUES (144, 'North Julia', 'Louisiana', '18178-2034');
INSERT INTO `city` (`idcity`, `name`, `state`, `zipcode`) VALUES (145, 'Faheyhaven', 'Oklahoma', '54658-9386');
INSERT INTO `city` (`idcity`, `name`, `state`, `zipcode`) VALUES (147, 'Hoppefurt', 'Maine', '21437-5895');
INSERT INTO `city` (`idcity`, `name`, `state`, `zipcode`) VALUES (148, 'West Destini', 'Missouri', '02521');
INSERT INTO `city` (`idcity`, `name`, `state`, `zipcode`) VALUES (149, 'South Hipolitohaven', 'Washington', '39562-7196');
INSERT INTO `city` (`idcity`, `name`, `state`, `zipcode`) VALUES (152, 'New Yazmin', 'Tennessee', '77411');
INSERT INTO `city` (`idcity`, `name`, `state`, `zipcode`) VALUES (154, 'Torranceview', 'Mississippi', '18197');
INSERT INTO `city` (`idcity`, `name`, `state`, `zipcode`) VALUES (156, 'West Antwon', 'Mississippi', '66813-0320');
INSERT INTO `city` (`idcity`, `name`, `state`, `zipcode`) VALUES (157, 'Lake Jarredfurt', 'Arizona', '59715-6599');
INSERT INTO `city` (`idcity`, `name`, `state`, `zipcode`) VALUES (158, 'West Lizeth', 'SouthDakota', '53829-4551');
INSERT INTO `city` (`idcity`, `name`, `state`, `zipcode`) VALUES (160, 'Ovaburgh', 'Texas', '41195');
INSERT INTO `city` (`idcity`, `name`, `state`, `zipcode`) VALUES (162, 'Lake Marina', 'Montana', '37792');
INSERT INTO `city` (`idcity`, `name`, `state`, `zipcode`) VALUES (167, 'Lake Freddy', 'Maryland', '01292');
INSERT INTO `city` (`idcity`, `name`, `state`, `zipcode`) VALUES (171, 'North Alexandrine', 'Texas', '61850');
INSERT INTO `city` (`idcity`, `name`, `state`, `zipcode`) VALUES (172, 'Lake Ceasarburgh', 'Idaho', '04747');
INSERT INTO `city` (`idcity`, `name`, `state`, `zipcode`) VALUES (175, 'South Marta', 'Virginia', '69931');
INSERT INTO `city` (`idcity`, `name`, `state`, `zipcode`) VALUES (176, 'Novellaview', 'WestVirginia', '11652');
INSERT INTO `city` (`idcity`, `name`, `state`, `zipcode`) VALUES (179, 'North Adeliaberg', 'RhodeIsland', '24661-4712');
INSERT INTO `city` (`idcity`, `name`, `state`, `zipcode`) VALUES (180, 'Elinorestad', 'NorthDakota', '14117-9750');
INSERT INTO `city` (`idcity`, `name`, `state`, `zipcode`) VALUES (181, 'East Dayne', 'Wyoming', '28464-9126');
INSERT INTO `city` (`idcity`, `name`, `state`, `zipcode`) VALUES (182, 'Braunfort', 'Hawaii', '16154-8785');
INSERT INTO `city` (`idcity`, `name`, `state`, `zipcode`) VALUES (186, 'Wilkinsonhaven', 'Minnesota', '22054-8911');
INSERT INTO `city` (`idcity`, `name`, `state`, `zipcode`) VALUES (189, 'Pagacshire', 'Massachusetts', '75507');
INSERT INTO `city` (`idcity`, `name`, `state`, `zipcode`) VALUES (190, 'Tanyafurt', 'Nebraska', '36885-3125');
INSERT INTO `city` (`idcity`, `name`, `state`, `zipcode`) VALUES (192, 'West Alanna', 'Wisconsin', '32445');
INSERT INTO `city` (`idcity`, `name`, `state`, `zipcode`) VALUES (195, 'Kleinport', 'Mississippi', '12211');
INSERT INTO `city` (`idcity`, `name`, `state`, `zipcode`) VALUES (196, 'Rennerville', 'Texas', '41696');
INSERT INTO `city` (`idcity`, `name`, `state`, `zipcode`) VALUES (197, 'Millsbury', 'Vermont', '41154');
INSERT INTO `city` (`idcity`, `name`, `state`, `zipcode`) VALUES (199, 'Lake Gerda', 'Delaware', '34440');

#Movie

INSERT INTO `movie` (`idmovie`, `title`, `language`, `genre`, `duration`) VALUES (0, 'alice-led-the-way-and-the-march-hare-interrup', 'hindi', 'aut', '121');
INSERT INTO `movie` (`idmovie`, `title`, `language`, `genre`, `duration`) VALUES (1, 'mock-turtle-would-be-worth-the-trouble-of-get', 'hindi', 'officiis', '131');
INSERT INTO `movie` (`idmovie`, `title`, `language`, `genre`, `duration`) VALUES (2, 'on-which-seven-looked-up-and-down-looking-for', 'hindi', 'ipsa', '116');
INSERT INTO `movie` (`idmovie`, `title`, `language`, `genre`, `duration`) VALUES (4, 'dormouse-say-one-of-them-attempted-to-explain', 'english', 'in', '101');
INSERT INTO `movie` (`idmovie`, `title`, `language`, `genre`, `duration`) VALUES (5, 'she-of-course-the-gryphon-replied-rather-impa', 'hindi', 'amet', '123');
INSERT INTO `movie` (`idmovie`, `title`, `language`, `genre`, `duration`) VALUES (6, 'dodo-in-an-angry-voice-the-rabbits-pat-pat-wh', 'telugu', 'dolorum', '138');
INSERT INTO `movie` (`idmovie`, `title`, `language`, `genre`, `duration`) VALUES (8, 'there-ought-to-tell-him-a-nice-muddle-their-s', 'english', 'provident', '113');
INSERT INTO `movie` (`idmovie`, `title`, `language`, `genre`, `duration`) VALUES (10, 'alice-was-very-hot-she-kept-fanning-herself-a', 'english', 'qui', '139');
INSERT INTO `movie` (`idmovie`, `title`, `language`, `genre`, `duration`) VALUES (33, 'so-she-began-o-mouse-do-you-know-what-to-ugli', 'hindi', 'ex', '127');
INSERT INTO `movie` (`idmovie`, `title`, `language`, `genre`, `duration`) VALUES (38, 'go-on-im-a-poor-man-your-majesty-said-two-in-', 'english', 'corporis', '124');
INSERT INTO `movie` (`idmovie`, `title`, `language`, `genre`, `duration`) VALUES (40, 'if-i-or-she-fell-past-it-well-thought-alice-t', 'hindi', 'inventore', '120');
INSERT INTO `movie` (`idmovie`, `title`, `language`, `genre`, `duration`) VALUES (53, 'turtle-these-words-were-followed-by-a-row-of-', 'english', 'quis', '136');
INSERT INTO `movie` (`idmovie`, `title`, `language`, `genre`, `duration`) VALUES (68, 'queen-the-queen-and-the-game-began-alice-gave', 'telugu', 'nulla', '118');
INSERT INTO `movie` (`idmovie`, `title`, `language`, `genre`, `duration`) VALUES (72, 'alice-felt-that-this-could-not-think-of-anyth', 'telugu', 'debitis', '129');
INSERT INTO `movie` (`idmovie`, `title`, `language`, `genre`, `duration`) VALUES (74, 'see-how-eagerly-the-lobsters-and-the-little-p', 'english', 'ut', '119');
INSERT INTO `movie` (`idmovie`, `title`, `language`, `genre`, `duration`) VALUES (85, 'i-can-remember-feeling-a-little-bottle-that-s', 'english', 'qui', '138');
INSERT INTO `movie` (`idmovie`, `title`, `language`, `genre`, `duration`) VALUES (86, 'gryphon-that-they-would-not-remember-ever-hav', 'telugu', 'aut', '115');
INSERT INTO `movie` (`idmovie`, `title`, `language`, `genre`, `duration`) VALUES (87, 'king-or-ill-have-you-executed-the-miserable-h', 'english', 'dolor', '108');
INSERT INTO `movie` (`idmovie`, `title`, `language`, `genre`, `duration`) VALUES (95, 'queen-added-to-one-of-the-way-wherever-she-wa', 'hindi', 'dolore', '126');
INSERT INTO `movie` (`idmovie`, `title`, `language`, `genre`, `duration`) VALUES (187, 'queen-so-she-sat-still-and-said-anxiously-to-', 'hindi', 'voluptatibus', '128');
INSERT INTO `movie` (`idmovie`, `title`, `language`, `genre`, `duration`) VALUES (237, 'alice-rather-doubtfully-as-she-fell-very-slow', 'hindi', 'possimus', '116');
INSERT INTO `movie` (`idmovie`, `title`, `language`, `genre`, `duration`) VALUES (298, 'something-interesting-is-sure-to-kill-it-in-t', 'english', 'molestiae', '124');
INSERT INTO `movie` (`idmovie`, `title`, `language`, `genre`, `duration`) VALUES (515, 'footmans-head-it-just-at-first-but-after-watc', 'telugu', 'provident', '117');
INSERT INTO `movie` (`idmovie`, `title`, `language`, `genre`, `duration`) VALUES (602, 'march-hare-he-denies-it-said-alice-swallowing', 'english', 'eligendi', '129');
INSERT INTO `movie` (`idmovie`, `title`, `language`, `genre`, `duration`) VALUES (611, 'when-she-got-to-the-door-she-walked-up-toward', 'english', 'hic', '117');
INSERT INTO `movie` (`idmovie`, `title`, `language`, `genre`, `duration`) VALUES (824, 'her-chin-was-pressed-so-closely-against-her-f', 'english', 'ut', '103');
INSERT INTO `movie` (`idmovie`, `title`, `language`, `genre`, `duration`) VALUES (876, 'alice-called-after-her-ive-something-importan', 'english', 'sit', '118');
INSERT INTO `movie` (`idmovie`, `title`, `language`, `genre`, `duration`) VALUES (939, 'pray-what-is-the-reason-and-all-her-riper-yea', 'hindi', 'consequuntur', '104');
INSERT INTO `movie` (`idmovie`, `title`, `language`, `genre`, `duration`) VALUES (2252, 'alice-went-on-so-long-since-she-had-wept-when', 'telugu', 'dolor', '135');
INSERT INTO `movie` (`idmovie`, `title`, `language`, `genre`, `duration`) VALUES (2565, 'alice-now-we-shall-have-to-ask-any-more-here-', 'telugu', 'beatae', '112');
INSERT INTO `movie` (`idmovie`, `title`, `language`, `genre`, `duration`) VALUES (4182, 'alice-like-the-tone-of-great-relief-now-at-ou', 'hindi', 'et', '109');
INSERT INTO `movie` (`idmovie`, `title`, `language`, `genre`, `duration`) VALUES (4468, 'alice-was-so-large-in-the-kitchen-that-did-no', 'telugu', 'rerum', '124');
INSERT INTO `movie` (`idmovie`, `title`, `language`, `genre`, `duration`) VALUES (4815, 'dormouse-is-asleep-again-said-the-gryphon-the', 'english', 'culpa', '123');
INSERT INTO `movie` (`idmovie`, `title`, `language`, `genre`, `duration`) VALUES (6631, 'alice-put-down-the-chimney-close-above-her-th', 'hindi', 'in', '120');
INSERT INTO `movie` (`idmovie`, `title`, `language`, `genre`, `duration`) VALUES (6937, 'where-can-i-have-none-why-i-do-so-like-that-c', 'telugu', 'et', '140');
INSERT INTO `movie` (`idmovie`, `title`, `language`, `genre`, `duration`) VALUES (8890, 'i-hadnt-quite-finished-my-tea-when-i-get-it-h', 'english', 'ut', '112');
INSERT INTO `movie` (`idmovie`, `title`, `language`, `genre`, `duration`) VALUES (9338, 'me-were-beautifully-marked-in-currants-well-i', 'english', 'corporis', '121');
INSERT INTO `movie` (`idmovie`, `title`, `language`, `genre`, `duration`) VALUES (10942, 'white-rabbit-was-no-use-speaking-to-it-she-th', 'hindi', 'maiores', '130');
INSERT INTO `movie` (`idmovie`, `title`, `language`, `genre`, `duration`) VALUES (17166, 'then-followed-the-knave-of-hearts-who-only-bo', 'hindi', 'est', '117');
INSERT INTO `movie` (`idmovie`, `title`, `language`, `genre`, `duration`) VALUES (20047, 'alice-ive-often-seen-them-so-often-of-course-', 'english', 'est', '132');
INSERT INTO `movie` (`idmovie`, `title`, `language`, `genre`, `duration`) VALUES (31991, 'at-this-moment-alice-felt-dreadfully-puzzled-', 'english', 'inventore', '100');
INSERT INTO `movie` (`idmovie`, `title`, `language`, `genre`, `duration`) VALUES (33527, 'would-always-get-into-her-face-wake-up-alice-', 'hindi', 'nihil', '105');
INSERT INTO `movie` (`idmovie`, `title`, `language`, `genre`, `duration`) VALUES (38628, 'queen-and-he-shall-tell-you-what-year-it-is-o', 'english', 'quidem', '100');
INSERT INTO `movie` (`idmovie`, `title`, `language`, `genre`, `duration`) VALUES (45199, 'alice-as-she-heard-the-queen-left-off-quite-o', 'english', 'consequatur', '106');
INSERT INTO `movie` (`idmovie`, `title`, `language`, `genre`, `duration`) VALUES (52046, 'alice-said-theres-a-large-kitchen-which-was-t', 'hindi', 'ex', '110');
INSERT INTO `movie` (`idmovie`, `title`, `language`, `genre`, `duration`) VALUES (60157, 'duchess-it-had-some-kind-of-serpent-thats-all', 'hindi', 'similique', '122');
INSERT INTO `movie` (`idmovie`, `title`, `language`, `genre`, `duration`) VALUES (74651, 'queen-will-hear-you-you-see-she-came-in-sight', 'hindi', 'quod', '133');
INSERT INTO `movie` (`idmovie`, `title`, `language`, `genre`, `duration`) VALUES (75923, 'oh-dear-id-nearly-forgotten-that-ive-got-to-g', 'hindi', 'ex', '106');
INSERT INTO `movie` (`idmovie`, `title`, `language`, `genre`, `duration`) VALUES (76702, 'then-it-got-down-off-the-top-of-it-presently-', 'english', 'odio', '104');
INSERT INTO `movie` (`idmovie`, `title`, `language`, `genre`, `duration`) VALUES (83443, 'your-temper-hold-your-tongue-ma-said-the-king', 'hindi', 'libero', '135');
INSERT INTO `movie` (`idmovie`, `title`, `language`, `genre`, `duration`) VALUES (83519, 'alice-only-as-its-asleep-i-suppose-it-doesnt-', 'hindi', 'dolor', '122');
INSERT INTO `movie` (`idmovie`, `title`, `language`, `genre`, `duration`) VALUES (91802, 'rabbit-noticed-alice-as-she-remembered-having', 'telugu', 'qui', '136');
INSERT INTO `movie` (`idmovie`, `title`, `language`, `genre`, `duration`) VALUES (95806, 'at-this-the-whole-thing-and-longed-to-change-', 'telugu', 'dolores', '140');
INSERT INTO `movie` (`idmovie`, `title`, `language`, `genre`, `duration`) VALUES (99593, 'alice-it-would-be-the-right-size-that-it-seem', 'hindi', 'est', '117');
INSERT INTO `movie` (`idmovie`, `title`, `language`, `genre`, `duration`) VALUES (107966, 'queen-never-said-the-white-rabbit-and-thats-a', 'english', 'et', '138');
INSERT INTO `movie` (`idmovie`, `title`, `language`, `genre`, `duration`) VALUES (158833, 'but-they-have-their-tails-in-their-proper-pla', 'english', 'et', '119');
INSERT INTO `movie` (`idmovie`, `title`, `language`, `genre`, `duration`) VALUES (179315, 'the-chief-difficulty-alice-found-at-first-she', 'english', 'error', '140');
INSERT INTO `movie` (`idmovie`, `title`, `language`, `genre`, `duration`) VALUES (262884, 'laughing-and-grief-they-used-to-read-fairy-ta', 'english', 'nihil', '132');
INSERT INTO `movie` (`idmovie`, `title`, `language`, `genre`, `duration`) VALUES (277228, 'gryphon-we-can-do-without-lobsters-you-know-b', 'telugu', 'molestiae', '116');
INSERT INTO `movie` (`idmovie`, `title`, `language`, `genre`, `duration`) VALUES (322066, 'alice-did-not-see-anything-that-had-fallen-in', 'hindi', 'omnis', '135');
INSERT INTO `movie` (`idmovie`, `title`, `language`, `genre`, `duration`) VALUES (473923, 'knave-the-knave-did-so-and-giving-it-a-minute', 'telugu', 'consectetur', '140');
INSERT INTO `movie` (`idmovie`, `title`, `language`, `genre`, `duration`) VALUES (547488, 'ive-tried-hedges-the-pigeon-in-a-low-hurried-', 'hindi', 'dolores', '120');
INSERT INTO `movie` (`idmovie`, `title`, `language`, `genre`, `duration`) VALUES (598900, 'ive-got-to-grow-here-said-the-youth-as-i-ment', 'telugu', 'id', '119');
INSERT INTO `movie` (`idmovie`, `title`, `language`, `genre`, `duration`) VALUES (804593, 'queen-merely-remarking-as-it-is-then-you-shou', 'english', 'non', '122');
INSERT INTO `movie` (`idmovie`, `title`, `language`, `genre`, `duration`) VALUES (935349, 'with-gently-smiling-jaws-im-sure-those-are-no', 'telugu', 'officiis', '115');
INSERT INTO `movie` (`idmovie`, `title`, `language`, `genre`, `duration`) VALUES (943990, 'beautiful-beauti-ful-soup-chorus-again-cried-', 'hindi', 'adipisci', '124');
INSERT INTO `movie` (`idmovie`, `title`, `language`, `genre`, `duration`) VALUES (1856776, 'king-added-in-a-game-of-play-with-a-soldier-o', 'hindi', 'possimus', '139');
INSERT INTO `movie` (`idmovie`, `title`, `language`, `genre`, `duration`) VALUES (1987627, 'was-a-curious-feeling-said-alice-but-when-you', 'hindi', 'pariatur', '103');
INSERT INTO `movie` (`idmovie`, `title`, `language`, `genre`, `duration`) VALUES (2408699, 'arithmetic-ambition-distraction-uglification-', 'hindi', 'alias', '108');
INSERT INTO `movie` (`idmovie`, `title`, `language`, `genre`, `duration`) VALUES (2804340, 'i-can-find-out-the-verses-on-his-slate-with-o', 'hindi', 'dolorum', '118');
INSERT INTO `movie` (`idmovie`, `title`, `language`, `genre`, `duration`) VALUES (4360280, 'alice-as-he-wore-his-crown-over-the-verses-th', 'english', 'qui', '119');
INSERT INTO `movie` (`idmovie`, `title`, `language`, `genre`, `duration`) VALUES (4592457, 'king-said-turning-to-alice-with-one-eye-but-t', 'english', 'veritatis', '105');
INSERT INTO `movie` (`idmovie`, `title`, `language`, `genre`, `duration`) VALUES (6071203, 'crab-a-little-hot-tea-upon-its-forehead-the-p', 'english', 'molestiae', '116');
INSERT INTO `movie` (`idmovie`, `title`, `language`, `genre`, `duration`) VALUES (8179555, 'alice-ventured-to-taste-it-and-very-soon-foun', 'english', 'quaerat', '120');
INSERT INTO `movie` (`idmovie`, `title`, `language`, `genre`, `duration`) VALUES (9113408, 'gryphon-it-all-came-different-alice-replied-v', 'hindi', 'exercitationem', '112');
INSERT INTO `movie` (`idmovie`, `title`, `language`, `genre`, `duration`) VALUES (9210383, 'lizard-who-seemed-too-much-pepper-in-that-rid', 'telugu', 'esse', '105');
INSERT INTO `movie` (`idmovie`, `title`, `language`, `genre`, `duration`) VALUES (9379072, 'christmas-and-she-began-again-i-wonder-what-l', 'english', 'in', '116');
INSERT INTO `movie` (`idmovie`, `title`, `language`, `genre`, `duration`) VALUES (9519627, 'the-long-grass-rustled-at-her-hands-and-she-r', 'hindi', 'magni', '128');
INSERT INTO `movie` (`idmovie`, `title`, `language`, `genre`, `duration`) VALUES (15090602, 'ive-said-as-yet-a-cheap-sort-of-way-to-hear-i', 'hindi', 'nam', '123');
INSERT INTO `movie` (`idmovie`, `title`, `language`, `genre`, `duration`) VALUES (16382252, 'like-a-tea-tray-in-the-distance-and-yet-what-', 'telugu', 'hic', '137');
INSERT INTO `movie` (`idmovie`, `title`, `language`, `genre`, `duration`) VALUES (24219773, 'king-rubbing-his-hands-so-now-let-the-dormous', 'english', 'aut', '139');
INSERT INTO `movie` (`idmovie`, `title`, `language`, `genre`, `duration`) VALUES (29999716, 'alice-began-in-a-minute-trying-to-box-her-own', 'telugu', 'sed', '136');
INSERT INTO `movie` (`idmovie`, `title`, `language`, `genre`, `duration`) VALUES (31248971, 'its-enough-to-look-for-her-and-the-march-hare', 'hindi', 'qui', '121');
INSERT INTO `movie` (`idmovie`, `title`, `language`, `genre`, `duration`) VALUES (38599652, 'alice-did-not-dare-to-disobey-though-she-felt', 'hindi', 'est', '115');
INSERT INTO `movie` (`idmovie`, `title`, `language`, `genre`, `duration`) VALUES (38907598, 'hatter-it-woke-up-again-as-quickly-as-she-spo', 'hindi', 'sit', '118');
INSERT INTO `movie` (`idmovie`, `title`, `language`, `genre`, `duration`) VALUES (50951494, 'i-dont-know-what-a-gryphon-is-look-at-all-a-p', 'telugu', 'accusantium', '109');
INSERT INTO `movie` (`idmovie`, `title`, `language`, `genre`, `duration`) VALUES (53747356, 'the-cat-only-grinned-when-it-grunted-again-an', 'telugu', 'assumenda', '128');
INSERT INTO `movie` (`idmovie`, `title`, `language`, `genre`, `duration`) VALUES (60812128, 'she-felt-that-it-was-a-dead-silence-instantly', 'hindi', 'voluptatem', '126');
INSERT INTO `movie` (`idmovie`, `title`, `language`, `genre`, `duration`) VALUES (199414159, 'so-alice-began-telling-them-her-adventures-fr', 'english', 'esse', '117');
INSERT INTO `movie` (`idmovie`, `title`, `language`, `genre`, `duration`) VALUES (204501387, 'queen-merely-remarking-as-it-went-as-if-it-li', 'english', 'dolor', '123');
INSERT INTO `movie` (`idmovie`, `title`, `language`, `genre`, `duration`) VALUES (229908206, 'i-havent-had-a-bone-in-his-confusion-he-bit-a', 'telugu', 'ut', '136');
INSERT INTO `movie` (`idmovie`, `title`, `language`, `genre`, `duration`) VALUES (231233261, 'the-dormouse-had-closed-its-eyes-were-nearly-', 'hindi', 'incidunt', '113');
INSERT INTO `movie` (`idmovie`, `title`, `language`, `genre`, `duration`) VALUES (256854129, 'gryphon-went-on-in-the-middle-nursing-a-baby-', 'english', 'est', '103');
INSERT INTO `movie` (`idmovie`, `title`, `language`, `genre`, `duration`) VALUES (334412012, 'alice-the-king-laid-his-hand-upon-her-arm-tha', 'telugu', 'exercitationem', '119');
INSERT INTO `movie` (`idmovie`, `title`, `language`, `genre`, `duration`) VALUES (382915760, 'as-she-said-this-she-came-upon-a-neat-little-', 'english', 'dignissimos', '134');
INSERT INTO `movie` (`idmovie`, `title`, `language`, `genre`, `duration`) VALUES (613044105, 'i-might-venture-to-say-a-word-but-slowly-foll', 'hindi', 'necessitatibus', '120');
INSERT INTO `movie` (`idmovie`, `title`, `language`, `genre`, `duration`) VALUES (714593673, 'dormouse-shook-itself-and-began-to-repeat-it-', 'hindi', 'distinctio', '107');
INSERT INTO `movie` (`idmovie`, `title`, `language`, `genre`, `duration`) VALUES (761882860, 'when-the-mouse-was-bristling-all-over-and-she', 'telugu', 'maiores', '103');
INSERT INTO `movie` (`idmovie`, `title`, `language`, `genre`, `duration`) VALUES (970797916, 'i-wonder-as-she-said-this-she-came-upon-a-gry', 'telugu', 'nulla', '116');
INSERT INTO `movie` (`idmovie`, `title`, `language`, `genre`, `duration`) VALUES (994748099, 'alice-began-to-feel-which-way-you-have-to-fly', 'telugu', 'aliquam', '106');

#Payment

INSERT INTO `payment` (`idpayment`, `amount`, `timestamp`, `paymentmethod`, `transactionid`, `bookingid`) VALUES (1, 13, '1986-05-28 04:53:44', 'debit card', '520', 220);
INSERT INTO `payment` (`idpayment`, `amount`, `timestamp`, `paymentmethod`, `transactionid`, `bookingid`) VALUES (2, 12, '2018-08-26 18:55:58', 'credit card', '443', 194);
INSERT INTO `payment` (`idpayment`, `amount`, `timestamp`, `paymentmethod`, `transactionid`, `bookingid`) VALUES (3, 14, '2004-06-21 05:03:01', 'debit card', '584', 102);
INSERT INTO `payment` (`idpayment`, `amount`, `timestamp`, `paymentmethod`, `transactionid`, `bookingid`) VALUES (4, 13, '1971-10-07 07:41:06', 'debit card', '562', 164);
INSERT INTO `payment` (`idpayment`, `amount`, `timestamp`, `paymentmethod`, `transactionid`, `bookingid`) VALUES (5, 13, '1975-01-19 21:50:37', 'credit card', '441', 33);
INSERT INTO `payment` (`idpayment`, `amount`, `timestamp`, `paymentmethod`, `transactionid`, `bookingid`) VALUES (6, 12, '1983-01-04 06:57:37', 'credit card', '416', 91);
INSERT INTO `payment` (`idpayment`, `amount`, `timestamp`, `paymentmethod`, `transactionid`, `bookingid`) VALUES (7, 10, '2000-02-22 14:38:38', 'debit card', '536', 215);
INSERT INTO `payment` (`idpayment`, `amount`, `timestamp`, `paymentmethod`, `transactionid`, `bookingid`) VALUES (8, 15, '2018-07-21 16:42:56', 'credit card', '432', 29);
INSERT INTO `payment` (`idpayment`, `amount`, `timestamp`, `paymentmethod`, `transactionid`, `bookingid`) VALUES (9, 12, '2022-08-28 22:38:52', 'debit card', '549', 200);
INSERT INTO `payment` (`idpayment`, `amount`, `timestamp`, `paymentmethod`, `transactionid`, `bookingid`) VALUES (10, 13, '2019-12-28 03:47:53', 'credit card', '540', 205);
INSERT INTO `payment` (`idpayment`, `amount`, `timestamp`, `paymentmethod`, `transactionid`, `bookingid`) VALUES (11, 12, '2010-09-28 15:46:43', 'debit card', '578', 224);
INSERT INTO `payment` (`idpayment`, `amount`, `timestamp`, `paymentmethod`, `transactionid`, `bookingid`) VALUES (12, 14, '2020-04-14 22:59:06', 'credit card', '503', 248);
INSERT INTO `payment` (`idpayment`, `amount`, `timestamp`, `paymentmethod`, `transactionid`, `bookingid`) VALUES (13, 14, '1982-09-13 12:40:39', 'debit card', '453', 105);
INSERT INTO `payment` (`idpayment`, `amount`, `timestamp`, `paymentmethod`, `transactionid`, `bookingid`) VALUES (14, 13, '1973-08-15 20:46:28', 'debit card', '463', 143);
INSERT INTO `payment` (`idpayment`, `amount`, `timestamp`, `paymentmethod`, `transactionid`, `bookingid`) VALUES (15, 12, '2006-03-22 02:46:32', 'debit card', '590', 44);
INSERT INTO `payment` (`idpayment`, `amount`, `timestamp`, `paymentmethod`, `transactionid`, `bookingid`) VALUES (16, 12, '1973-10-23 03:49:22', 'debit card', '545', 98);
INSERT INTO `payment` (`idpayment`, `amount`, `timestamp`, `paymentmethod`, `transactionid`, `bookingid`) VALUES (17, 11, '2021-02-26 08:42:29', 'debit card', '525', 184);
INSERT INTO `payment` (`idpayment`, `amount`, `timestamp`, `paymentmethod`, `transactionid`, `bookingid`) VALUES (18, 14, '1971-09-02 23:31:38', 'debit card', '421', 235);
INSERT INTO `payment` (`idpayment`, `amount`, `timestamp`, `paymentmethod`, `transactionid`, `bookingid`) VALUES (19, 10, '2002-02-23 13:23:23', 'credit card', '455', 114);
INSERT INTO `payment` (`idpayment`, `amount`, `timestamp`, `paymentmethod`, `transactionid`, `bookingid`) VALUES (20, 12, '2006-11-19 16:10:41', 'credit card', '435', 216);
INSERT INTO `payment` (`idpayment`, `amount`, `timestamp`, `paymentmethod`, `transactionid`, `bookingid`) VALUES (21, 11, '1972-03-30 21:31:58', 'debit card', '576', 103);
INSERT INTO `payment` (`idpayment`, `amount`, `timestamp`, `paymentmethod`, `transactionid`, `bookingid`) VALUES (22, 13, '2009-06-16 09:32:02', 'debit card', '563', 138);
INSERT INTO `payment` (`idpayment`, `amount`, `timestamp`, `paymentmethod`, `transactionid`, `bookingid`) VALUES (23, 14, '1990-12-27 12:17:25', 'debit card', '471', 86);
INSERT INTO `payment` (`idpayment`, `amount`, `timestamp`, `paymentmethod`, `transactionid`, `bookingid`) VALUES (24, 14, '2015-03-01 19:36:34', 'credit card', '448', 49);
INSERT INTO `payment` (`idpayment`, `amount`, `timestamp`, `paymentmethod`, `transactionid`, `bookingid`) VALUES (25, 12, '1977-11-25 20:12:06', 'debit card', '458', 206);
INSERT INTO `payment` (`idpayment`, `amount`, `timestamp`, `paymentmethod`, `transactionid`, `bookingid`) VALUES (26, 11, '2017-07-29 09:33:28', 'debit card', '519', 188);
INSERT INTO `payment` (`idpayment`, `amount`, `timestamp`, `paymentmethod`, `transactionid`, `bookingid`) VALUES (27, 13, '1995-02-24 21:59:29', 'credit card', '516', 217);
INSERT INTO `payment` (`idpayment`, `amount`, `timestamp`, `paymentmethod`, `transactionid`, `bookingid`) VALUES (28, 11, '1989-01-22 06:03:11', 'credit card', '434', 174);
INSERT INTO `payment` (`idpayment`, `amount`, `timestamp`, `paymentmethod`, `transactionid`, `bookingid`) VALUES (29, 11, '1992-06-02 03:21:52', 'debit card', '430', 47);
INSERT INTO `payment` (`idpayment`, `amount`, `timestamp`, `paymentmethod`, `transactionid`, `bookingid`) VALUES (30, 10, '1985-06-05 01:05:52', 'credit card', '440', 187);
INSERT INTO `payment` (`idpayment`, `amount`, `timestamp`, `paymentmethod`, `transactionid`, `bookingid`) VALUES (31, 13, '1995-01-05 14:39:04', 'credit card', '469', 117);
INSERT INTO `payment` (`idpayment`, `amount`, `timestamp`, `paymentmethod`, `transactionid`, `bookingid`) VALUES (32, 11, '2013-12-26 11:37:52', 'debit card', '478', 56);
INSERT INTO `payment` (`idpayment`, `amount`, `timestamp`, `paymentmethod`, `transactionid`, `bookingid`) VALUES (33, 13, '2000-03-13 06:49:04', 'debit card', '567', 107);
INSERT INTO `payment` (`idpayment`, `amount`, `timestamp`, `paymentmethod`, `transactionid`, `bookingid`) VALUES (34, 12, '2017-07-15 02:57:14', 'credit card', '582', 140);
INSERT INTO `payment` (`idpayment`, `amount`, `timestamp`, `paymentmethod`, `transactionid`, `bookingid`) VALUES (35, 12, '2002-10-07 15:51:00', 'debit card', '422', 96);
INSERT INTO `payment` (`idpayment`, `amount`, `timestamp`, `paymentmethod`, `transactionid`, `bookingid`) VALUES (36, 12, '1973-07-07 06:48:27', 'debit card', '445', 61);
INSERT INTO `payment` (`idpayment`, `amount`, `timestamp`, `paymentmethod`, `transactionid`, `bookingid`) VALUES (37, 15, '1996-12-05 14:32:53', 'debit card', '592', 204);
INSERT INTO `payment` (`idpayment`, `amount`, `timestamp`, `paymentmethod`, `transactionid`, `bookingid`) VALUES (38, 14, '1980-07-09 02:35:12', 'credit card', '483', 212);
INSERT INTO `payment` (`idpayment`, `amount`, `timestamp`, `paymentmethod`, `transactionid`, `bookingid`) VALUES (39, 15, '2012-12-04 06:40:28', 'debit card', '484', 162);
INSERT INTO `payment` (`idpayment`, `amount`, `timestamp`, `paymentmethod`, `transactionid`, `bookingid`) VALUES (40, 13, '1998-05-13 23:53:47', 'credit card', '410', 218);
INSERT INTO `payment` (`idpayment`, `amount`, `timestamp`, `paymentmethod`, `transactionid`, `bookingid`) VALUES (41, 15, '1974-10-03 04:23:09', 'credit card', '433', 113);
INSERT INTO `payment` (`idpayment`, `amount`, `timestamp`, `paymentmethod`, `transactionid`, `bookingid`) VALUES (42, 12, '2011-02-24 02:41:58', 'debit card', '570', 70);
INSERT INTO `payment` (`idpayment`, `amount`, `timestamp`, `paymentmethod`, `transactionid`, `bookingid`) VALUES (43, 14, '1975-05-30 17:26:37', 'debit card', '403', 246);
INSERT INTO `payment` (`idpayment`, `amount`, `timestamp`, `paymentmethod`, `transactionid`, `bookingid`) VALUES (44, 15, '1991-05-02 22:09:23', 'credit card', '508', 66);
INSERT INTO `payment` (`idpayment`, `amount`, `timestamp`, `paymentmethod`, `transactionid`, `bookingid`) VALUES (45, 13, '2008-08-31 10:07:45', 'debit card', '581', 240);
INSERT INTO `payment` (`idpayment`, `amount`, `timestamp`, `paymentmethod`, `transactionid`, `bookingid`) VALUES (46, 11, '2002-10-05 10:40:50', 'debit card', '553', 42);
INSERT INTO `payment` (`idpayment`, `amount`, `timestamp`, `paymentmethod`, `transactionid`, `bookingid`) VALUES (47, 14, '2006-02-01 16:01:29', 'debit card', '509', 127);
INSERT INTO `payment` (`idpayment`, `amount`, `timestamp`, `paymentmethod`, `transactionid`, `bookingid`) VALUES (48, 12, '1997-09-02 00:03:38', 'credit card', '477', 134);
INSERT INTO `payment` (`idpayment`, `amount`, `timestamp`, `paymentmethod`, `transactionid`, `bookingid`) VALUES (49, 13, '2015-11-10 20:35:52', 'credit card', '464', 148);
INSERT INTO `payment` (`idpayment`, `amount`, `timestamp`, `paymentmethod`, `transactionid`, `bookingid`) VALUES (50, 11, '1978-10-26 15:07:51', 'debit card', '420', 144);
INSERT INTO `payment` (`idpayment`, `amount`, `timestamp`, `paymentmethod`, `transactionid`, `bookingid`) VALUES (51, 15, '2018-04-16 15:54:38', 'debit card', '466', 60);
INSERT INTO `payment` (`idpayment`, `amount`, `timestamp`, `paymentmethod`, `transactionid`, `bookingid`) VALUES (52, 11, '2014-01-19 09:38:00', 'debit card', '523', 167);
INSERT INTO `payment` (`idpayment`, `amount`, `timestamp`, `paymentmethod`, `transactionid`, `bookingid`) VALUES (53, 13, '2015-08-22 05:13:51', 'debit card', '431', 92);
INSERT INTO `payment` (`idpayment`, `amount`, `timestamp`, `paymentmethod`, `transactionid`, `bookingid`) VALUES (54, 15, '1971-07-26 08:14:46', 'debit card', '583', 53);
INSERT INTO `payment` (`idpayment`, `amount`, `timestamp`, `paymentmethod`, `transactionid`, `bookingid`) VALUES (55, 11, '1976-02-19 13:10:44', 'debit card', '470', 14);
INSERT INTO `payment` (`idpayment`, `amount`, `timestamp`, `paymentmethod`, `transactionid`, `bookingid`) VALUES (56, 12, '2009-09-03 17:27:30', 'credit card', '494', 131);
INSERT INTO `payment` (`idpayment`, `amount`, `timestamp`, `paymentmethod`, `transactionid`, `bookingid`) VALUES (57, 15, '1994-07-29 06:01:18', 'credit card', '405', 97);
INSERT INTO `payment` (`idpayment`, `amount`, `timestamp`, `paymentmethod`, `transactionid`, `bookingid`) VALUES (58, 15, '2020-01-07 18:23:41', 'credit card', '559', 111);
INSERT INTO `payment` (`idpayment`, `amount`, `timestamp`, `paymentmethod`, `transactionid`, `bookingid`) VALUES (59, 12, '2006-05-08 15:20:40', 'credit card', '451', 242);
INSERT INTO `payment` (`idpayment`, `amount`, `timestamp`, `paymentmethod`, `transactionid`, `bookingid`) VALUES (60, 11, '1994-02-12 14:21:37', 'debit card', '565', 112);
INSERT INTO `payment` (`idpayment`, `amount`, `timestamp`, `paymentmethod`, `transactionid`, `bookingid`) VALUES (61, 15, '1989-10-05 04:55:57', 'debit card', '552', 196);
INSERT INTO `payment` (`idpayment`, `amount`, `timestamp`, `paymentmethod`, `transactionid`, `bookingid`) VALUES (62, 12, '1970-03-31 10:57:28', 'credit card', '527', 110);
INSERT INTO `payment` (`idpayment`, `amount`, `timestamp`, `paymentmethod`, `transactionid`, `bookingid`) VALUES (63, 14, '1995-09-05 03:38:00', 'credit card', '574', 88);
INSERT INTO `payment` (`idpayment`, `amount`, `timestamp`, `paymentmethod`, `transactionid`, `bookingid`) VALUES (64, 12, '2020-08-28 16:25:12', 'debit card', '573', 211);
INSERT INTO `payment` (`idpayment`, `amount`, `timestamp`, `paymentmethod`, `transactionid`, `bookingid`) VALUES (65, 13, '2013-09-24 05:42:57', 'credit card', '507', 155);
INSERT INTO `payment` (`idpayment`, `amount`, `timestamp`, `paymentmethod`, `transactionid`, `bookingid`) VALUES (66, 14, '1998-02-22 20:08:33', 'credit card', '599', 145);
INSERT INTO `payment` (`idpayment`, `amount`, `timestamp`, `paymentmethod`, `transactionid`, `bookingid`) VALUES (67, 14, '1978-02-03 12:41:12', 'debit card', '506', 222);
INSERT INTO `payment` (`idpayment`, `amount`, `timestamp`, `paymentmethod`, `transactionid`, `bookingid`) VALUES (68, 11, '1978-04-10 01:53:33', 'debit card', '407', 120);
INSERT INTO `payment` (`idpayment`, `amount`, `timestamp`, `paymentmethod`, `transactionid`, `bookingid`) VALUES (69, 14, '2009-04-04 11:30:32', 'debit card', '564', 151);
INSERT INTO `payment` (`idpayment`, `amount`, `timestamp`, `paymentmethod`, `transactionid`, `bookingid`) VALUES (70, 14, '2004-12-05 06:29:22', 'credit card', '501', 132);
INSERT INTO `payment` (`idpayment`, `amount`, `timestamp`, `paymentmethod`, `transactionid`, `bookingid`) VALUES (71, 14, '1981-07-23 19:56:43', 'debit card', '468', 243);
INSERT INTO `payment` (`idpayment`, `amount`, `timestamp`, `paymentmethod`, `transactionid`, `bookingid`) VALUES (72, 12, '2018-06-30 08:18:55', 'credit card', '437', 197);
INSERT INTO `payment` (`idpayment`, `amount`, `timestamp`, `paymentmethod`, `transactionid`, `bookingid`) VALUES (73, 10, '2000-03-02 11:03:50', 'debit card', '485', 30);
INSERT INTO `payment` (`idpayment`, `amount`, `timestamp`, `paymentmethod`, `transactionid`, `bookingid`) VALUES (74, 14, '1999-01-29 09:42:45', 'credit card', '473', 63);
INSERT INTO `payment` (`idpayment`, `amount`, `timestamp`, `paymentmethod`, `transactionid`, `bookingid`) VALUES (75, 15, '1978-10-20 23:15:55', 'credit card', '543', 64);
INSERT INTO `payment` (`idpayment`, `amount`, `timestamp`, `paymentmethod`, `transactionid`, `bookingid`) VALUES (76, 13, '1972-03-05 11:35:40', 'debit card', '426', 121);
INSERT INTO `payment` (`idpayment`, `amount`, `timestamp`, `paymentmethod`, `transactionid`, `bookingid`) VALUES (77, 11, '2020-09-26 00:15:44', 'credit card', '539', 52);
INSERT INTO `payment` (`idpayment`, `amount`, `timestamp`, `paymentmethod`, `transactionid`, `bookingid`) VALUES (78, 12, '2004-03-18 02:46:41', 'credit card', '544', 178);
INSERT INTO `payment` (`idpayment`, `amount`, `timestamp`, `paymentmethod`, `transactionid`, `bookingid`) VALUES (79, 12, '2008-08-05 10:14:11', 'debit card', '530', 186);
INSERT INTO `payment` (`idpayment`, `amount`, `timestamp`, `paymentmethod`, `transactionid`, `bookingid`) VALUES (80, 11, '2012-05-06 20:36:16', 'credit card', '580', 195);
INSERT INTO `payment` (`idpayment`, `amount`, `timestamp`, `paymentmethod`, `transactionid`, `bookingid`) VALUES (81, 12, '1997-03-15 06:40:33', 'credit card', '449', 48);
INSERT INTO `payment` (`idpayment`, `amount`, `timestamp`, `paymentmethod`, `transactionid`, `bookingid`) VALUES (82, 14, '1971-05-01 10:10:30', 'credit card', '472', 177);
INSERT INTO `payment` (`idpayment`, `amount`, `timestamp`, `paymentmethod`, `transactionid`, `bookingid`) VALUES (83, 14, '1991-06-09 16:24:15', 'credit card', '427', 189);
INSERT INTO `payment` (`idpayment`, `amount`, `timestamp`, `paymentmethod`, `transactionid`, `bookingid`) VALUES (84, 13, '1988-04-05 13:05:27', 'debit card', '594', 54);
INSERT INTO `payment` (`idpayment`, `amount`, `timestamp`, `paymentmethod`, `transactionid`, `bookingid`) VALUES (85, 13, '1993-06-15 03:27:38', 'debit card', '414', 168);
INSERT INTO `payment` (`idpayment`, `amount`, `timestamp`, `paymentmethod`, `transactionid`, `bookingid`) VALUES (86, 13, '2003-08-25 16:03:05', 'debit card', '526', 90);
INSERT INTO `payment` (`idpayment`, `amount`, `timestamp`, `paymentmethod`, `transactionid`, `bookingid`) VALUES (87, 12, '2021-04-01 11:56:55', 'debit card', '482', 136);
INSERT INTO `payment` (`idpayment`, `amount`, `timestamp`, `paymentmethod`, `transactionid`, `bookingid`) VALUES (88, 11, '2018-11-20 20:49:50', 'debit card', '476', 39);
INSERT INTO `payment` (`idpayment`, `amount`, `timestamp`, `paymentmethod`, `transactionid`, `bookingid`) VALUES (89, 15, '2015-07-11 11:38:45', 'debit card', '408', 219);
INSERT INTO `payment` (`idpayment`, `amount`, `timestamp`, `paymentmethod`, `transactionid`, `bookingid`) VALUES (90, 11, '1991-03-02 17:51:56', 'debit card', '551', 154);
INSERT INTO `payment` (`idpayment`, `amount`, `timestamp`, `paymentmethod`, `transactionid`, `bookingid`) VALUES (91, 11, '1994-08-24 16:38:54', 'credit card', '571', 231);
INSERT INTO `payment` (`idpayment`, `amount`, `timestamp`, `paymentmethod`, `transactionid`, `bookingid`) VALUES (92, 11, '1983-05-01 19:20:27', 'debit card', '479', 46);
INSERT INTO `payment` (`idpayment`, `amount`, `timestamp`, `paymentmethod`, `transactionid`, `bookingid`) VALUES (93, 13, '2014-06-03 10:42:03', 'debit card', '401', 8);
INSERT INTO `payment` (`idpayment`, `amount`, `timestamp`, `paymentmethod`, `transactionid`, `bookingid`) VALUES (94, 13, '2010-03-15 05:21:40', 'debit card', '558', 176);
INSERT INTO `payment` (`idpayment`, `amount`, `timestamp`, `paymentmethod`, `transactionid`, `bookingid`) VALUES (95, 10, '1999-04-18 04:50:47', 'debit card', '572', 59);
INSERT INTO `payment` (`idpayment`, `amount`, `timestamp`, `paymentmethod`, `transactionid`, `bookingid`) VALUES (96, 11, '1985-12-20 08:06:08', 'debit card', '550', 74);
INSERT INTO `payment` (`idpayment`, `amount`, `timestamp`, `paymentmethod`, `transactionid`, `bookingid`) VALUES (97, 12, '2015-03-10 00:32:41', 'debit card', '538', 67);
INSERT INTO `payment` (`idpayment`, `amount`, `timestamp`, `paymentmethod`, `transactionid`, `bookingid`) VALUES (98, 13, '1995-11-28 14:49:46', 'debit card', '502', 213);
INSERT INTO `payment` (`idpayment`, `amount`, `timestamp`, `paymentmethod`, `transactionid`, `bookingid`) VALUES (99, 12, '1986-11-28 06:54:25', 'credit card', '528', 150);
INSERT INTO `payment` (`idpayment`, `amount`, `timestamp`, `paymentmethod`, `transactionid`, `bookingid`) VALUES (100, 11, '2015-09-22 01:46:53', 'credit card', '560', 169);

#Shows

INSERT INTO `shows` (`idshow`, `date`, `starttime`, `endtime`, `screenid`, `movieid`) VALUES (0, '1971-04-02', '2022-06-18 15:29:32', '2022-09-13 21:04:10', 9, 1);
INSERT INTO `shows` (`idshow`, `date`, `starttime`, `endtime`, `screenid`, `movieid`) VALUES (1, '2009-06-17', '2022-09-16 19:52:37', '2021-12-14 15:45:29', 89, 2252);
INSERT INTO `shows` (`idshow`, `date`, `starttime`, `endtime`, `screenid`, `movieid`) VALUES (3, '2015-06-08', '2022-05-16 06:22:35', '2022-09-11 12:43:47', 248, 994748099);
INSERT INTO `shows` (`idshow`, `date`, `starttime`, `endtime`, `screenid`, `movieid`) VALUES (4, '2020-04-23', '2022-06-23 08:32:21', '2022-02-23 07:42:44', 196, 8179555);
INSERT INTO `shows` (`idshow`, `date`, `starttime`, `endtime`, `screenid`, `movieid`) VALUES (6, '1992-09-09', '2022-07-08 07:29:17', '2022-01-09 15:58:08', 209, 16382252);
INSERT INTO `shows` (`idshow`, `date`, `starttime`, `endtime`, `screenid`, `movieid`) VALUES (7, '1975-12-03', '2022-03-19 01:17:56', '2022-03-18 11:46:39', 34, 72);
INSERT INTO `shows` (`idshow`, `date`, `starttime`, `endtime`, `screenid`, `movieid`) VALUES (8, '1999-09-21', '2022-04-15 13:13:28', '2022-02-07 22:52:53', 10, 2);
INSERT INTO `shows` (`idshow`, `date`, `starttime`, `endtime`, `screenid`, `movieid`) VALUES (11, '2009-03-30', '2022-05-07 04:30:14', '2022-10-12 20:50:13', 88, 939);
INSERT INTO `shows` (`idshow`, `date`, `starttime`, `endtime`, `screenid`, `movieid`) VALUES (22, '2018-12-08', '2022-01-23 04:14:12', '2022-10-19 16:31:20', 193, 6071203);
INSERT INTO `shows` (`idshow`, `date`, `starttime`, `endtime`, `screenid`, `movieid`) VALUES (27, '2003-01-11', '2022-01-28 05:08:42', '2022-06-04 22:24:33', 30, 53);
INSERT INTO `shows` (`idshow`, `date`, `starttime`, `endtime`, `screenid`, `movieid`) VALUES (34, '1997-07-16', '2022-10-31 07:14:06', '2022-09-11 05:10:15', 110, 6937);
INSERT INTO `shows` (`idshow`, `date`, `starttime`, `endtime`, `screenid`, `movieid`) VALUES (37, '1986-10-29', '2022-01-14 04:48:49', '2022-10-23 10:02:35', 43, 87);
INSERT INTO `shows` (`idshow`, `date`, `starttime`, `endtime`, `screenid`, `movieid`) VALUES (42, '2005-08-01', '2022-11-18 09:30:00', '2022-02-07 14:19:24', 219, 38907598);
INSERT INTO `shows` (`idshow`, `date`, `starttime`, `endtime`, `screenid`, `movieid`) VALUES (48, '1993-12-30', '2022-02-17 09:19:15', '2022-02-02 22:47:52', 222, 53747356);
INSERT INTO `shows` (`idshow`, `date`, `starttime`, `endtime`, `screenid`, `movieid`) VALUES (49, '1970-09-20', '2022-11-25 14:48:16', '2022-05-06 20:33:18', 48, 237);
INSERT INTO `shows` (`idshow`, `date`, `starttime`, `endtime`, `screenid`, `movieid`) VALUES (51, '1978-01-16', '2022-04-29 09:46:15', '2022-01-14 11:23:39', 208, 15090602);
INSERT INTO `shows` (`idshow`, `date`, `starttime`, `endtime`, `screenid`, `movieid`) VALUES (52, '1983-12-05', '2022-02-26 01:53:19', '2022-06-05 16:45:12', 170, 473923);
INSERT INTO `shows` (`idshow`, `date`, `starttime`, `endtime`, `screenid`, `movieid`) VALUES (81, '1985-04-30', '2022-08-02 22:44:57', '2022-05-12 08:26:01', 95, 4182);
INSERT INTO `shows` (`idshow`, `date`, `starttime`, `endtime`, `screenid`, `movieid`) VALUES (83, '1975-01-02', '2022-07-17 10:27:46', '2022-07-18 21:55:11', 145, 83519);
INSERT INTO `shows` (`idshow`, `date`, `starttime`, `endtime`, `screenid`, `movieid`) VALUES (98, '1975-03-06', '2022-02-11 13:45:02', '2022-09-18 11:18:20', 21, 10);
INSERT INTO `shows` (`idshow`, `date`, `starttime`, `endtime`, `screenid`, `movieid`) VALUES (159, '1993-03-16', '2022-03-02 15:02:39', '2022-03-20 05:05:22', 136, 74651);
INSERT INTO `shows` (`idshow`, `date`, `starttime`, `endtime`, `screenid`, `movieid`) VALUES (184, '1995-06-27', '2021-12-16 08:08:53', '2022-07-25 10:08:21', 46, 187);
INSERT INTO `shows` (`idshow`, `date`, `starttime`, `endtime`, `screenid`, `movieid`) VALUES (199, '1990-05-10', '2022-07-11 04:44:40', '2022-04-30 10:14:43', 176, 935349);
INSERT INTO `shows` (`idshow`, `date`, `starttime`, `endtime`, `screenid`, `movieid`) VALUES (274, '1986-07-18', '2022-11-19 13:27:37', '2022-05-16 13:51:26', 100, 4815);
INSERT INTO `shows` (`idshow`, `date`, `starttime`, `endtime`, `screenid`, `movieid`) VALUES (352, '2009-05-31', '2022-08-01 02:35:48', '2022-07-27 05:46:55', 70, 611);
INSERT INTO `shows` (`idshow`, `date`, `starttime`, `endtime`, `screenid`, `movieid`) VALUES (533, '1992-04-15', '2022-05-20 03:27:27', '2022-07-25 22:42:18', 137, 75923);
INSERT INTO `shows` (`idshow`, `date`, `starttime`, `endtime`, `screenid`, `movieid`) VALUES (748, '1999-05-04', '2022-08-24 07:43:46', '2022-01-31 11:43:28', 163, 262884);
INSERT INTO `shows` (`idshow`, `date`, `starttime`, `endtime`, `screenid`, `movieid`) VALUES (980, '1981-12-02', '2021-12-29 22:46:28', '2022-01-25 20:44:54', 237, 334412012);
INSERT INTO `shows` (`idshow`, `date`, `starttime`, `endtime`, `screenid`, `movieid`) VALUES (1002, '2020-04-29', '2022-05-02 18:20:00', '2022-09-18 17:36:53', 117, 17166);
INSERT INTO `shows` (`idshow`, `date`, `starttime`, `endtime`, `screenid`, `movieid`) VALUES (1216, '1985-05-19', '2022-06-16 05:29:56', '2022-10-25 11:21:21', 179, 1856776);
INSERT INTO `shows` (`idshow`, `date`, `starttime`, `endtime`, `screenid`, `movieid`) VALUES (1619, '2005-01-12', '2021-12-09 10:40:00', '2022-09-26 02:28:49', 236, 256854129);
INSERT INTO `shows` (`idshow`, `date`, `starttime`, `endtime`, `screenid`, `movieid`) VALUES (2188, '1972-11-26', '2021-12-07 16:03:10', '2022-05-15 23:56:41', 210, 24219773);
INSERT INTO `shows` (`idshow`, `date`, `starttime`, `endtime`, `screenid`, `movieid`) VALUES (2571, '1999-02-12', '2022-09-06 05:42:44', '2022-01-13 06:59:55', 118, 20047);
INSERT INTO `shows` (`idshow`, `date`, `starttime`, `endtime`, `screenid`, `movieid`) VALUES (3181, '2020-05-21', '2022-07-17 07:58:36', '2022-05-19 08:45:05', 213, 31248971);
INSERT INTO `shows` (`idshow`, `date`, `starttime`, `endtime`, `screenid`, `movieid`) VALUES (4719, '2005-06-17', '2022-08-29 16:15:48', '2022-07-06 16:17:48', 11, 4);
INSERT INTO `shows` (`idshow`, `date`, `starttime`, `endtime`, `screenid`, `movieid`) VALUES (5216, '1997-02-03', '2022-09-21 18:16:29', '2022-02-14 02:38:32', 150, 99593);
INSERT INTO `shows` (`idshow`, `date`, `starttime`, `endtime`, `screenid`, `movieid`) VALUES (6960, '1985-09-15', '2022-11-19 22:24:36', '2022-09-06 03:36:11', 31, 68);
INSERT INTO `shows` (`idshow`, `date`, `starttime`, `endtime`, `screenid`, `movieid`) VALUES (7254, '2022-02-12', '2021-12-30 07:27:37', '2022-05-07 17:19:08', 143, 76702);
INSERT INTO `shows` (`idshow`, `date`, `starttime`, `endtime`, `screenid`, `movieid`) VALUES (7943, '1990-03-02', '2022-04-10 14:38:48', '2022-08-10 12:37:32', 45, 95);
INSERT INTO `shows` (`idshow`, `date`, `starttime`, `endtime`, `screenid`, `movieid`) VALUES (8562, '2017-01-30', '2022-11-21 10:15:01', '2022-10-20 22:31:19', 102, 6631);
INSERT INTO `shows` (`idshow`, `date`, `starttime`, `endtime`, `screenid`, `movieid`) VALUES (9027, '1971-09-10', '2022-10-01 08:48:04', '2021-12-26 17:19:20', 57, 298);
INSERT INTO `shows` (`idshow`, `date`, `starttime`, `endtime`, `screenid`, `movieid`) VALUES (20943, '1998-02-19', '2022-09-02 11:23:26', '2022-09-29 21:35:09', 66, 602);
INSERT INTO `shows` (`idshow`, `date`, `starttime`, `endtime`, `screenid`, `movieid`) VALUES (22510, '2002-10-22', '2022-05-24 11:30:47', '2022-09-02 16:46:52', 164, 277228);
INSERT INTO `shows` (`idshow`, `date`, `starttime`, `endtime`, `screenid`, `movieid`) VALUES (24376, '1993-02-10', '2022-02-08 20:04:05', '2022-05-13 15:01:29', 245, 970797916);
INSERT INTO `shows` (`idshow`, `date`, `starttime`, `endtime`, `screenid`, `movieid`) VALUES (43192, '2018-11-24', '2022-07-25 19:56:17', '2022-09-19 04:47:03', 149, 95806);
INSERT INTO `shows` (`idshow`, `date`, `starttime`, `endtime`, `screenid`, `movieid`) VALUES (47956, '1986-02-05', '2022-01-22 07:56:35', '2022-06-19 09:00:17', 242, 714593673);
INSERT INTO `shows` (`idshow`, `date`, `starttime`, `endtime`, `screenid`, `movieid`) VALUES (49349, '1970-05-03', '2022-05-11 03:22:58', '2022-01-06 05:24:55', 166, 322066);
INSERT INTO `shows` (`idshow`, `date`, `starttime`, `endtime`, `screenid`, `movieid`) VALUES (53262, '2018-02-23', '2021-12-18 22:08:55', '2022-11-05 12:33:26', 172, 598900);
INSERT INTO `shows` (`idshow`, `date`, `starttime`, `endtime`, `screenid`, `movieid`) VALUES (59153, '1988-04-16', '2022-10-02 23:56:34', '2022-04-01 15:59:35', 18, 6);
INSERT INTO `shows` (`idshow`, `date`, `starttime`, `endtime`, `screenid`, `movieid`) VALUES (67641, '1999-05-05', '2022-05-06 07:21:39', '2022-05-01 00:21:32', 133, 52046);
INSERT INTO `shows` (`idshow`, `date`, `starttime`, `endtime`, `screenid`, `movieid`) VALUES (98502, '1972-03-25', '2022-04-25 20:44:24', '2022-10-17 22:34:38', 192, 4592457);
INSERT INTO `shows` (`idshow`, `date`, `starttime`, `endtime`, `screenid`, `movieid`) VALUES (123113, '2009-06-06', '2021-12-31 02:38:58', '2022-09-22 16:15:23', 185, 2804340);
INSERT INTO `shows` (`idshow`, `date`, `starttime`, `endtime`, `screenid`, `movieid`) VALUES (132043, '2020-04-15', '2022-02-07 23:29:16', '2022-11-09 21:44:12', 36, 74);
INSERT INTO `shows` (`idshow`, `date`, `starttime`, `endtime`, `screenid`, `movieid`) VALUES (243322, '1996-10-09', '2022-01-27 08:55:09', '2022-02-12 03:17:36', 180, 1987627);
INSERT INTO `shows` (`idshow`, `date`, `starttime`, `endtime`, `screenid`, `movieid`) VALUES (529835, '2022-04-29', '2022-08-16 10:07:47', '2022-07-16 09:38:52', 17, 5);
INSERT INTO `shows` (`idshow`, `date`, `starttime`, `endtime`, `screenid`, `movieid`) VALUES (538449, '1997-03-28', '2022-10-06 20:33:03', '2022-05-10 10:14:12', 230, 229908206);
INSERT INTO `shows` (`idshow`, `date`, `starttime`, `endtime`, `screenid`, `movieid`) VALUES (548803, '1991-10-15', '2021-12-17 05:46:56', '2022-10-16 08:03:08', 93, 2565);
INSERT INTO `shows` (`idshow`, `date`, `starttime`, `endtime`, `screenid`, `movieid`) VALUES (552571, '2021-01-29', '2022-11-13 02:43:41', '2021-12-30 23:26:19', 221, 50951494);
INSERT INTO `shows` (`idshow`, `date`, `starttime`, `endtime`, `screenid`, `movieid`) VALUES (561917, '1973-08-13', '2022-08-24 21:28:57', '2022-01-30 01:55:15', 112, 9338);
INSERT INTO `shows` (`idshow`, `date`, `starttime`, `endtime`, `screenid`, `movieid`) VALUES (593235, '1978-01-12', '2022-09-20 10:10:40', '2021-12-19 12:28:35', 129, 38628);
INSERT INTO `shows` (`idshow`, `date`, `starttime`, `endtime`, `screenid`, `movieid`) VALUES (681473, '1991-12-23', '2022-02-27 06:17:35', '2022-08-22 11:00:06', 187, 4360280);
INSERT INTO `shows` (`idshow`, `date`, `starttime`, `endtime`, `screenid`, `movieid`) VALUES (788600, '1997-08-11', '2022-10-17 03:52:42', '2022-04-10 21:24:59', 25, 40);
INSERT INTO `shows` (`idshow`, `date`, `starttime`, `endtime`, `screenid`, `movieid`) VALUES (822105, '2000-06-04', '2022-02-05 02:16:04', '2022-07-05 23:28:36', 20, 8);
INSERT INTO `shows` (`idshow`, `date`, `starttime`, `endtime`, `screenid`, `movieid`) VALUES (2112964, '1996-05-26', '2022-05-31 18:31:40', '2022-05-24 13:23:10', 217, 38599652);
INSERT INTO `shows` (`idshow`, `date`, `starttime`, `endtime`, `screenid`, `movieid`) VALUES (2381088, '1995-11-07', '2022-03-05 22:38:37', '2022-02-03 20:46:42', 201, 9210383);
INSERT INTO `shows` (`idshow`, `date`, `starttime`, `endtime`, `screenid`, `movieid`) VALUES (3719079, '1998-05-11', '2021-12-20 05:29:55', '2022-06-12 17:06:57', 161, 179315);
INSERT INTO `shows` (`idshow`, `date`, `starttime`, `endtime`, `screenid`, `movieid`) VALUES (4181514, '1972-03-14', '2022-02-10 09:31:50', '2022-10-23 11:25:45', 198, 9113408);
INSERT INTO `shows` (`idshow`, `date`, `starttime`, `endtime`, `screenid`, `movieid`) VALUES (6173882, '1984-07-04', '2022-01-27 22:27:32', '2022-10-12 18:48:36', 23, 33);
INSERT INTO `shows` (`idshow`, `date`, `starttime`, `endtime`, `screenid`, `movieid`) VALUES (6441002, '2005-06-24', '2022-10-28 17:42:28', '2022-01-23 20:25:15', 178, 943990);
INSERT INTO `shows` (`idshow`, `date`, `starttime`, `endtime`, `screenid`, `movieid`) VALUES (7406744, '1982-03-30', '2022-03-20 00:36:34', '2022-07-03 17:31:11', 134, 60157);
INSERT INTO `shows` (`idshow`, `date`, `starttime`, `endtime`, `screenid`, `movieid`) VALUES (7429725, '2003-04-22', '2022-05-11 19:22:10', '2022-01-19 05:17:39', 225, 199414159);
INSERT INTO `shows` (`idshow`, `date`, `starttime`, `endtime`, `screenid`, `movieid`) VALUES (7536388, '2011-07-12', '2022-05-25 01:34:04', '2022-08-12 12:34:58', 111, 8890);
INSERT INTO `shows` (`idshow`, `date`, `starttime`, `endtime`, `screenid`, `movieid`) VALUES (9183106, '2013-08-25', '2022-03-16 11:22:55', '2022-05-22 03:47:12', 156, 158833);
INSERT INTO `shows` (`idshow`, `date`, `starttime`, `endtime`, `screenid`, `movieid`) VALUES (9518522, '1998-11-20', '2022-03-01 17:00:26', '2022-08-15 23:46:30', 207, 9519627);
INSERT INTO `shows` (`idshow`, `date`, `starttime`, `endtime`, `screenid`, `movieid`) VALUES (9648713, '2011-05-05', '2022-02-10 12:02:50', '2022-05-23 11:33:14', 233, 231233261);
INSERT INTO `shows` (`idshow`, `date`, `starttime`, `endtime`, `screenid`, `movieid`) VALUES (10389107, '1990-12-16', '2022-04-26 04:55:47', '2022-02-11 13:22:24', 238, 382915760);
INSERT INTO `shows` (`idshow`, `date`, `starttime`, `endtime`, `screenid`, `movieid`) VALUES (10417415, '2006-11-13', '2021-12-04 02:55:03', '2022-04-21 08:26:09', 8, 0);
INSERT INTO `shows` (`idshow`, `date`, `starttime`, `endtime`, `screenid`, `movieid`) VALUES (14219242, '2002-08-06', '2022-08-09 02:53:31', '2022-05-09 07:29:40', 155, 107966);
INSERT INTO `shows` (`idshow`, `date`, `starttime`, `endtime`, `screenid`, `movieid`) VALUES (14986223, '1981-11-17', '2022-02-10 12:04:54', '2022-05-24 02:55:16', 42, 86);
INSERT INTO `shows` (`idshow`, `date`, `starttime`, `endtime`, `screenid`, `movieid`) VALUES (16953217, '1973-12-22', '2022-09-12 17:19:22', '2022-06-25 20:59:09', 171, 547488);
INSERT INTO `shows` (`idshow`, `date`, `starttime`, `endtime`, `screenid`, `movieid`) VALUES (25792751, '2000-05-26', '2022-04-27 00:05:35', '2022-11-28 21:55:26', 125, 33527);
INSERT INTO `shows` (`idshow`, `date`, `starttime`, `endtime`, `screenid`, `movieid`) VALUES (31312762, '2012-06-08', '2022-07-02 23:11:44', '2021-12-23 11:38:53', 184, 2408699);
INSERT INTO `shows` (`idshow`, `date`, `starttime`, `endtime`, `screenid`, `movieid`) VALUES (50962402, '1976-09-14', '2022-10-30 18:08:09', '2022-10-06 18:37:36', 24, 38);
INSERT INTO `shows` (`idshow`, `date`, `starttime`, `endtime`, `screenid`, `movieid`) VALUES (77058336, '1987-01-28', '2022-03-27 05:42:53', '2022-10-30 12:17:56', 130, 45199);
INSERT INTO `shows` (`idshow`, `date`, `starttime`, `endtime`, `screenid`, `movieid`) VALUES (77720807, '1999-07-27', '2022-03-18 17:54:56', '2022-03-22 12:24:46', 203, 9379072);
INSERT INTO `shows` (`idshow`, `date`, `starttime`, `endtime`, `screenid`, `movieid`) VALUES (78287807, '2000-05-19', '2021-12-22 04:15:38', '2022-05-14 03:34:06', 61, 515);
INSERT INTO `shows` (`idshow`, `date`, `starttime`, `endtime`, `screenid`, `movieid`) VALUES (80066164, '1986-03-27', '2022-03-25 16:43:51', '2022-02-13 19:06:18', 244, 761882860);
INSERT INTO `shows` (`idshow`, `date`, `starttime`, `endtime`, `screenid`, `movieid`) VALUES (82468093, '1986-10-22', '2022-03-16 03:04:06', '2022-04-13 17:33:41', 240, 613044105);
INSERT INTO `shows` (`idshow`, `date`, `starttime`, `endtime`, `screenid`, `movieid`) VALUES (92890378, '1985-10-08', '2022-02-21 16:55:45', '2022-10-03 12:34:54', 123, 31991);
INSERT INTO `shows` (`idshow`, `date`, `starttime`, `endtime`, `screenid`, `movieid`) VALUES (97067876, '1976-06-07', '2022-05-18 09:19:14', '2022-02-09 07:03:41', 97, 4468);
INSERT INTO `shows` (`idshow`, `date`, `starttime`, `endtime`, `screenid`, `movieid`) VALUES (120138526, '1978-05-10', '2022-08-02 01:22:09', '2022-03-11 12:24:35', 74, 824);
INSERT INTO `shows` (`idshow`, `date`, `starttime`, `endtime`, `screenid`, `movieid`) VALUES (198331751, '1992-06-20', '2021-12-04 07:24:54', '2022-03-04 00:07:44', 40, 85);
INSERT INTO `shows` (`idshow`, `date`, `starttime`, `endtime`, `screenid`, `movieid`) VALUES (210537658, '1999-11-11', '2022-11-17 03:54:20', '2022-10-25 18:04:32', 114, 10942);
INSERT INTO `shows` (`idshow`, `date`, `starttime`, `endtime`, `screenid`, `movieid`) VALUES (218220562, '1971-07-12', '2022-02-05 10:57:30', '2022-02-08 16:53:39', 223, 60812128);
INSERT INTO `shows` (`idshow`, `date`, `starttime`, `endtime`, `screenid`, `movieid`) VALUES (259870305, '2004-05-07', '2021-12-31 16:30:46', '2022-03-21 15:39:10', 76, 876);
INSERT INTO `shows` (`idshow`, `date`, `starttime`, `endtime`, `screenid`, `movieid`) VALUES (340034619, '1982-06-27', '2022-07-23 20:55:47', '2022-08-22 02:44:55', 148, 91802);
INSERT INTO `shows` (`idshow`, `date`, `starttime`, `endtime`, `screenid`, `movieid`) VALUES (562519134, '1992-10-28', '2022-09-03 09:20:51', '2022-11-15 05:38:59', 144, 83443);
INSERT INTO `shows` (`idshow`, `date`, `starttime`, `endtime`, `screenid`, `movieid`) VALUES (606945575, '2018-05-31', '2022-06-21 15:15:13', '2022-04-26 12:31:07', 229, 204501387);
INSERT INTO `shows` (`idshow`, `date`, `starttime`, `endtime`, `screenid`, `movieid`) VALUES (883121482, '2020-02-26', '2022-08-08 16:41:20', '2022-09-24 01:48:48', 173, 804593);
INSERT INTO `shows` (`idshow`, `date`, `starttime`, `endtime`, `screenid`, `movieid`) VALUES (883492853, '2021-02-07', '2022-06-28 02:18:41', '2021-12-22 09:32:39', 212, 29999716);


#Show

INSERT INTO `showseat` (`idshowseat`, `status`, `price`, `theaterseatid`, `idshow`, `idbooking`) VALUES (1, 'Available', 12, 59, 98, 63);
INSERT INTO `showseat` (`idshowseat`, `status`, `price`, `theaterseatid`, `idshow`, `idbooking`) VALUES (3, 'Not available ', 14, 74, 199, 67);
INSERT INTO `showseat` (`idshowseat`, `status`, `price`, `theaterseatid`, `idshow`, `idbooking`) VALUES (4, 'Available', 12, 2, 1, 14);
INSERT INTO `showseat` (`idshowseat`, `status`, `price`, `theaterseatid`, `idshow`, `idbooking`) VALUES (5, 'Available', 15, 297, 883121482, 246);
INSERT INTO `showseat` (`idshowseat`, `status`, `price`, `theaterseatid`, `idshow`, `idbooking`) VALUES (6, 'Not available ', 12, 232, 78287807, 215);
INSERT INTO `showseat` (`idshowseat`, `status`, `price`, `theaterseatid`, `idshow`, `idbooking`) VALUES (7, 'Available', 11, 208, 7536388, 187);
INSERT INTO `showseat` (`idshowseat`, `status`, `price`, `theaterseatid`, `idshow`, `idbooking`) VALUES (9, 'Not available ', 14, 209, 9183106, 188);
INSERT INTO `showseat` (`idshowseat`, `status`, `price`, `theaterseatid`, `idshow`, `idbooking`) VALUES (10, 'Available', 12, 216, 10417415, 196);
INSERT INTO `showseat` (`idshowseat`, `status`, `price`, `theaterseatid`, `idshow`, `idbooking`) VALUES (11, 'Available', 10, 21, 8, 42);
INSERT INTO `showseat` (`idshowseat`, `status`, `price`, `theaterseatid`, `idshow`, `idbooking`) VALUES (13, 'Not available ', 12, 295, 606945575, 243);
INSERT INTO `showseat` (`idshowseat`, `status`, `price`, `theaterseatid`, `idshow`, `idbooking`) VALUES (14, 'Not available ', 10, 130, 47956, 127);
INSERT INTO `showseat` (`idshowseat`, `status`, `price`, `theaterseatid`, `idshow`, `idbooking`) VALUES (15, 'Available', 14, 266, 198331751, 222);
INSERT INTO `showseat` (`idshowseat`, `status`, `price`, `theaterseatid`, `idshow`, `idbooking`) VALUES (16, 'Available', 11, 277, 259870305, 235);
INSERT INTO `showseat` (`idshowseat`, `status`, `price`, `theaterseatid`, `idshow`, `idbooking`) VALUES (17, 'Not available ', 15, 78, 274, 70);
INSERT INTO `showseat` (`idshowseat`, `status`, `price`, `theaterseatid`, `idshow`, `idbooking`) VALUES (18, 'Available', 13, 191, 2112964, 168);
INSERT INTO `showseat` (`idshowseat`, `status`, `price`, `theaterseatid`, `idshow`, `idbooking`) VALUES (19, 'Available', 14, 47, 49, 54);
INSERT INTO `showseat` (`idshowseat`, `status`, `price`, `theaterseatid`, `idshow`, `idbooking`) VALUES (20, 'Not available ', 11, 38, 27, 47);
INSERT INTO `showseat` (`idshowseat`, `status`, `price`, `theaterseatid`, `idshow`, `idbooking`) VALUES (21, 'Not available ', 15, 234, 80066164, 216);
INSERT INTO `showseat` (`idshowseat`, `status`, `price`, `theaterseatid`, `idshow`, `idbooking`) VALUES (22, 'Not available ', 10, 180, 822105, 167);
INSERT INTO `showseat` (`idshowseat`, `status`, `price`, `theaterseatid`, `idshow`, `idbooking`) VALUES (23, 'Not available ', 14, 254, 97067876, 219);
INSERT INTO `showseat` (`idshowseat`, `status`, `price`, `theaterseatid`, `idshow`, `idbooking`) VALUES (24, 'Available', 11, 211, 9648713, 194);
INSERT INTO `showseat` (`idshowseat`, `status`, `price`, `theaterseatid`, `idshow`, `idbooking`) VALUES (25, 'Not available ', 13, 138, 59153, 134);
INSERT INTO `showseat` (`idshowseat`, `status`, `price`, `theaterseatid`, `idshow`, `idbooking`) VALUES (26, 'Available', 15, 230, 77720807, 213);
INSERT INTO `showseat` (`idshowseat`, `status`, `price`, `theaterseatid`, `idshow`, `idbooking`) VALUES (27, 'Available', 13, 66, 159, 64);
INSERT INTO `showseat` (`idshowseat`, `status`, `price`, `theaterseatid`, `idshow`, `idbooking`) VALUES (28, 'Not available ', 14, 125, 24376, 120);
INSERT INTO `showseat` (`idshowseat`, `status`, `price`, `theaterseatid`, `idshow`, `idbooking`) VALUES (30, 'Available', 14, 53, 52, 59);
INSERT INTO `showseat` (`idshowseat`, `status`, `price`, `theaterseatid`, `idshow`, `idbooking`) VALUES (31, 'Available', 15, 142, 123113, 140);
INSERT INTO `showseat` (`idshowseat`, `status`, `price`, `theaterseatid`, `idshow`, `idbooking`) VALUES (32, 'Not available ', 10, 1, 0, 8);
INSERT INTO `showseat` (`idshowseat`, `status`, `price`, `theaterseatid`, `idshow`, `idbooking`) VALUES (34, 'Available', 11, 81, 533, 86);
INSERT INTO `showseat` (`idshowseat`, `status`, `price`, `theaterseatid`, `idshow`, `idbooking`) VALUES (35, 'Available', 15, 223, 25792751, 205);
INSERT INTO `showseat` (`idshowseat`, `status`, `price`, `theaterseatid`, `idshow`, `idbooking`) VALUES (36, 'Not available ', 12, 144, 132043, 143);
INSERT INTO `showseat` (`idshowseat`, `status`, `price`, `theaterseatid`, `idshow`, `idbooking`) VALUES (38, 'Not available ', 14, 122, 20943, 114);
INSERT INTO `showseat` (`idshowseat`, `status`, `price`, `theaterseatid`, `idshow`, `idbooking`) VALUES (39, 'Not available ', 11, 178, 788600, 164);
INSERT INTO `showseat` (`idshowseat`, `status`, `price`, `theaterseatid`, `idshow`, `idbooking`) VALUES (40, 'Available', 13, 4, 3, 29);
INSERT INTO `showseat` (`idshowseat`, `status`, `price`, `theaterseatid`, `idshow`, `idbooking`) VALUES (41, 'Available', 15, 238, 82468093, 217);
INSERT INTO `showseat` (`idshowseat`, `status`, `price`, `theaterseatid`, `idshow`, `idbooking`) VALUES (42, 'Available', 13, 7, 4, 30);
INSERT INTO `showseat` (`idshowseat`, `status`, `price`, `theaterseatid`, `idshow`, `idbooking`) VALUES (43, 'Available', 10, 197, 4181514, 176);
INSERT INTO `showseat` (`idshowseat`, `status`, `price`, `theaterseatid`, `idshow`, `idbooking`) VALUES (45, 'Available', 13, 213, 10389107, 195);
INSERT INTO `showseat` (`idshowseat`, `status`, `price`, `theaterseatid`, `idshow`, `idbooking`) VALUES (46, 'Available', 15, 146, 243322, 144);
INSERT INTO `showseat` (`idshowseat`, `status`, `price`, `theaterseatid`, `idshow`, `idbooking`) VALUES (47, 'Available', 14, 226, 50962402, 211);
INSERT INTO `showseat` (`idshowseat`, `status`, `price`, `theaterseatid`, `idshow`, `idbooking`) VALUES (48, 'Not available ', 12, 109, 4719, 103);
INSERT INTO `showseat` (`idshowseat`, `status`, `price`, `theaterseatid`, `idshow`, `idbooking`) VALUES (49, 'Not available ', 14, 217, 14219242, 197);
INSERT INTO `showseat` (`idshowseat`, `status`, `price`, `theaterseatid`, `idshow`, `idbooking`) VALUES (50, 'Available', 13, 123, 22510, 117);
INSERT INTO `showseat` (`idshowseat`, `status`, `price`, `theaterseatid`, `idshow`, `idbooking`) VALUES (51, 'Available', 11, 172, 681473, 162);
INSERT INTO `showseat` (`idshowseat`, `status`, `price`, `theaterseatid`, `idshow`, `idbooking`) VALUES (52, 'Not available ', 13, 195, 3719079, 174);
INSERT INTO `showseat` (`idshowseat`, `status`, `price`, `theaterseatid`, `idshow`, `idbooking`) VALUES (53, 'Not available ', 13, 28, 11, 44);
INSERT INTO `showseat` (`idshowseat`, `status`, `price`, `theaterseatid`, `idshow`, `idbooking`) VALUES (54, 'Available', 14, 113, 7943, 111);
INSERT INTO `showseat` (`idshowseat`, `status`, `price`, `theaterseatid`, `idshow`, `idbooking`) VALUES (55, 'Available', 11, 200, 6173882, 177);
INSERT INTO `showseat` (`idshowseat`, `status`, `price`, `theaterseatid`, `idshow`, `idbooking`) VALUES (57, 'Not available ', 12, 229, 77058336, 212);
INSERT INTO `showseat` (`idshowseat`, `status`, `price`, `theaterseatid`, `idshow`, `idbooking`) VALUES (58, 'Available', 12, 50, 51, 56);
INSERT INTO `showseat` (`idshowseat`, `status`, `price`, `theaterseatid`, `idshow`, `idbooking`) VALUES (59, 'Available', 13, 30, 22, 46);
INSERT INTO `showseat` (`idshowseat`, `status`, `price`, `theaterseatid`, `idshow`, `idbooking`) VALUES (60, 'Available', 10, 83, 748, 88);
INSERT INTO `showseat` (`idshowseat`, `status`, `price`, `theaterseatid`, `idshow`, `idbooking`) VALUES (61, 'Available', 11, 40, 37, 49);
INSERT INTO `showseat` (`idshowseat`, `status`, `price`, `theaterseatid`, `idshow`, `idbooking`) VALUES (62, 'Not available ', 12, 99, 2571, 98);
INSERT INTO `showseat` (`idshowseat`, `status`, `price`, `theaterseatid`, `idshow`, `idbooking`) VALUES (64, 'Available', 13, 202, 6441002, 178);
INSERT INTO `showseat` (`idshowseat`, `status`, `price`, `theaterseatid`, `idshow`, `idbooking`) VALUES (65, 'Not available ', 11, 110, 5216, 105);
INSERT INTO `showseat` (`idshowseat`, `status`, `price`, `theaterseatid`, `idshow`, `idbooking`) VALUES (66, 'Available', 14, 300, 883492853, 248);
INSERT INTO `showseat` (`idshowseat`, `status`, `price`, `theaterseatid`, `idshow`, `idbooking`) VALUES (67, 'Available', 12, 210, 9518522, 189);
INSERT INTO `showseat` (`idshowseat`, `status`, `price`, `theaterseatid`, `idshow`, `idbooking`) VALUES (69, 'Available', 11, 98, 2188, 97);
INSERT INTO `showseat` (`idshowseat`, `status`, `price`, `theaterseatid`, `idshow`, `idbooking`) VALUES (70, 'Available', 15, 268, 210537658, 224);
INSERT INTO `showseat` (`idshowseat`, `status`, `price`, `theaterseatid`, `idshow`, `idbooking`) VALUES (71, 'Available', 10, 205, 7429725, 186);
INSERT INTO `showseat` (`idshowseat`, `status`, `price`, `theaterseatid`, `idshow`, `idbooking`) VALUES (72, 'Not available ', 14, 137, 53262, 132);
INSERT INTO `showseat` (`idshowseat`, `status`, `price`, `theaterseatid`, `idshow`, `idbooking`) VALUES (73, 'Available', 13, 43, 42, 52);
INSERT INTO `showseat` (`idshowseat`, `status`, `price`, `theaterseatid`, `idshow`, `idbooking`) VALUES (74, 'Available', 14, 219, 14986223, 200);
INSERT INTO `showseat` (`idshowseat`, `status`, `price`, `theaterseatid`, `idshow`, `idbooking`) VALUES (75, 'Available', 14, 156, 548803, 150);
INSERT INTO `showseat` (`idshowseat`, `status`, `price`, `theaterseatid`, `idshow`, `idbooking`) VALUES (77, 'Available', 12, 39, 34, 48);
INSERT INTO `showseat` (`idshowseat`, `status`, `price`, `theaterseatid`, `idshow`, `idbooking`) VALUES (78, 'Available', 11, 220, 16953217, 204);
INSERT INTO `showseat` (`idshowseat`, `status`, `price`, `theaterseatid`, `idshow`, `idbooking`) VALUES (79, 'Not available ', 11, 289, 562519134, 242);
INSERT INTO `showseat` (`idshowseat`, `status`, `price`, `theaterseatid`, `idshow`, `idbooking`) VALUES (80, 'Available', 12, 225, 31312762, 206);
INSERT INTO `showseat` (`idshowseat`, `status`, `price`, `theaterseatid`, `idshow`, `idbooking`) VALUES (81, 'Available', 11, 69, 184, 66);
INSERT INTO `showseat` (`idshowseat`, `status`, `price`, `theaterseatid`, `idshow`, `idbooking`) VALUES (82, 'Available', 11, 94, 1216, 92);
INSERT INTO `showseat` (`idshowseat`, `status`, `price`, `theaterseatid`, `idshow`, `idbooking`) VALUES (84, 'Available', 11, 129, 43192, 121);
INSERT INTO `showseat` (`idshowseat`, `status`, `price`, `theaterseatid`, `idshow`, `idbooking`) VALUES (85, 'Available', 12, 271, 218220562, 231);
INSERT INTO `showseat` (`idshowseat`, `status`, `price`, `theaterseatid`, `idshow`, `idbooking`) VALUES (86, 'Available', 14, 10, 6, 33);
INSERT INTO `showseat` (`idshowseat`, `status`, `price`, `theaterseatid`, `idshow`, `idbooking`) VALUES (87, 'Not available ', 12, 170, 593235, 155);
INSERT INTO `showseat` (`idshowseat`, `status`, `price`, `theaterseatid`, `idshow`, `idbooking`) VALUES (89, 'Not available ', 14, 88, 1002, 91);
INSERT INTO `showseat` (`idshowseat`, `status`, `price`, `theaterseatid`, `idshow`, `idbooking`) VALUES (90, 'Not available ', 14, 85, 980, 90);
INSERT INTO `showseat` (`idshowseat`, `status`, `price`, `theaterseatid`, `idshow`, `idbooking`) VALUES (91, 'Not available ', 11, 204, 7406744, 184);
INSERT INTO `showseat` (`idshowseat`, `status`, `price`, `theaterseatid`, `idshow`, `idbooking`) VALUES (92, 'Available', 14, 154, 538449, 148);
INSERT INTO `showseat` (`idshowseat`, `status`, `price`, `theaterseatid`, `idshow`, `idbooking`) VALUES (93, 'Available', 13, 139, 67641, 136);
INSERT INTO `showseat` (`idshowseat`, `status`, `price`, `theaterseatid`, `idshow`, `idbooking`) VALUES (96, 'Not available ', 14, 242, 92890378, 218);
INSERT INTO `showseat` (`idshowseat`, `status`, `price`, `theaterseatid`, `idshow`, `idbooking`) VALUES (97, 'Not available ', 14, 193, 2381088, 169);
INSERT INTO `showseat` (`idshowseat`, `status`, `price`, `theaterseatid`, `idshow`, `idbooking`) VALUES (98, 'Available', 10, 283, 340034619, 240);
INSERT INTO `showseat` (`idshowseat`, `status`, `price`, `theaterseatid`, `idshow`, `idbooking`) VALUES (100, 'Not available ', 14, 140, 98502, 138);
INSERT INTO `showseat` (`idshowseat`, `status`, `price`, `theaterseatid`, `idshow`, `idbooking`) VALUES (101, 'Not available ', 13, 20, 7, 39);
INSERT INTO `showseat` (`idshowseat`, `status`, `price`, `theaterseatid`, `idshow`, `idbooking`) VALUES (102, 'Available', 14, 95, 1619, 96);
INSERT INTO `showseat` (`idshowseat`, `status`, `price`, `theaterseatid`, `idshow`, `idbooking`) VALUES (103, 'Not available ', 14, 152, 529835, 145);
INSERT INTO `showseat` (`idshowseat`, `status`, `price`, `theaterseatid`, `idshow`, `idbooking`) VALUES (105, 'Available', 11, 57, 83, 61);
INSERT INTO `showseat` (`idshowseat`, `status`, `price`, `theaterseatid`, `idshow`, `idbooking`) VALUES (106, 'Available', 14, 111, 6960, 107);
INSERT INTO `showseat` (`idshowseat`, `status`, `price`, `theaterseatid`, `idshow`, `idbooking`) VALUES (107, 'Available', 14, 56, 81, 60);
INSERT INTO `showseat` (`idshowseat`, `status`, `price`, `theaterseatid`, `idshow`, `idbooking`) VALUES (108, 'Available', 11, 263, 120138526, 220);
INSERT INTO `showseat` (`idshowseat`, `status`, `price`, `theaterseatid`, `idshow`, `idbooking`) VALUES (109, 'Not available ', 12, 80, 352, 74);
INSERT INTO `showseat` (`idshowseat`, `status`, `price`, `theaterseatid`, `idshow`, `idbooking`) VALUES (111, 'Available', 10, 100, 3181, 102);
INSERT INTO `showseat` (`idshowseat`, `status`, `price`, `theaterseatid`, `idshow`, `idbooking`) VALUES (112, 'Available', 15, 46, 48, 53);
INSERT INTO `showseat` (`idshowseat`, `status`, `price`, `theaterseatid`, `idshow`, `idbooking`) VALUES (113, 'Not available ', 12, 160, 552571, 151);
INSERT INTO `showseat` (`idshowseat`, `status`, `price`, `theaterseatid`, `idshow`, `idbooking`) VALUES (114, 'Available', 13, 132, 49349, 131);
INSERT INTO `showseat` (`idshowseat`, `status`, `price`, `theaterseatid`, `idshow`, `idbooking`) VALUES (115, 'Available', 11, 112, 7254, 110);
INSERT INTO `showseat` (`idshowseat`, `status`, `price`, `theaterseatid`, `idshow`, `idbooking`) VALUES (117, 'Available', 10, 117, 9027, 113);
INSERT INTO `showseat` (`idshowseat`, `status`, `price`, `theaterseatid`, `idshow`, `idbooking`) VALUES (118, 'Not available ', 13, 169, 561917, 154);
INSERT INTO `showseat` (`idshowseat`, `status`, `price`, `theaterseatid`, `idshow`, `idbooking`) VALUES (120, 'Available', 10, 114, 8562, 112);

#Theatre Screen

INSERT INTO `theaterscreen` (`idscreen`, `name`, `totalseats`, `cinemaid`) VALUES (8, 'Balistreri LLC', '119', 882);
INSERT INTO `theaterscreen` (`idscreen`, `name`, `totalseats`, `cinemaid`) VALUES (9, 'Langosh-Little', '96', 9969);
INSERT INTO `theaterscreen` (`idscreen`, `name`, `totalseats`, `cinemaid`) VALUES (10, 'Rohan, Morar and Beatty', '137', 1844227);
INSERT INTO `theaterscreen` (`idscreen`, `name`, `totalseats`, `cinemaid`) VALUES (11, 'Borer, Grady and Schroeder', '134', 55236323);
INSERT INTO `theaterscreen` (`idscreen`, `name`, `totalseats`, `cinemaid`) VALUES (17, 'Orn Inc', '116', 11268533);
INSERT INTO `theaterscreen` (`idscreen`, `name`, `totalseats`, `cinemaid`) VALUES (18, 'Langworth PLC', '125', 8711);
INSERT INTO `theaterscreen` (`idscreen`, `name`, `totalseats`, `cinemaid`) VALUES (20, 'Stokes-Kozey', '137', 5486595);
INSERT INTO `theaterscreen` (`idscreen`, `name`, `totalseats`, `cinemaid`) VALUES (21, 'Jacobi-Wiegand', '149', 55190557);
INSERT INTO `theaterscreen` (`idscreen`, `name`, `totalseats`, `cinemaid`) VALUES (23, 'Torphy, Price and Bogisich', '81', 7554);
INSERT INTO `theaterscreen` (`idscreen`, `name`, `totalseats`, `cinemaid`) VALUES (24, 'O\'Reilly-Robel', '102', 251408582);
INSERT INTO `theaterscreen` (`idscreen`, `name`, `totalseats`, `cinemaid`) VALUES (25, 'Powlowski LLC', '103', 243697189);
INSERT INTO `theaterscreen` (`idscreen`, `name`, `totalseats`, `cinemaid`) VALUES (30, 'Hodkiewicz PLC', '135', 32565);
INSERT INTO `theaterscreen` (`idscreen`, `name`, `totalseats`, `cinemaid`) VALUES (31, 'Frami-Mraz', '103', 9459755);
INSERT INTO `theaterscreen` (`idscreen`, `name`, `totalseats`, `cinemaid`) VALUES (34, 'Hahn-Hagenes', '140', 955894);
INSERT INTO `theaterscreen` (`idscreen`, `name`, `totalseats`, `cinemaid`) VALUES (36, 'Schroeder LLC', '115', 30878);
INSERT INTO `theaterscreen` (`idscreen`, `name`, `totalseats`, `cinemaid`) VALUES (40, 'Willms Group', '84', 876936748);
INSERT INTO `theaterscreen` (`idscreen`, `name`, `totalseats`, `cinemaid`) VALUES (42, 'Leffler, Armstrong and Connelly', '99', 253408);
INSERT INTO `theaterscreen` (`idscreen`, `name`, `totalseats`, `cinemaid`) VALUES (43, 'Ankunding-Wisozk', '117', 6764);
INSERT INTO `theaterscreen` (`idscreen`, `name`, `totalseats`, `cinemaid`) VALUES (45, 'Shanahan, Nader and Mayert', '128', 75273856);
INSERT INTO `theaterscreen` (`idscreen`, `name`, `totalseats`, `cinemaid`) VALUES (46, 'Wolf-Klein', '104', 65);
INSERT INTO `theaterscreen` (`idscreen`, `name`, `totalseats`, `cinemaid`) VALUES (48, 'Roob-Emmerich', '131', 43377069);
INSERT INTO `theaterscreen` (`idscreen`, `name`, `totalseats`, `cinemaid`) VALUES (57, 'Schoen-Leannon', '144', 991795626);
INSERT INTO `theaterscreen` (`idscreen`, `name`, `totalseats`, `cinemaid`) VALUES (61, 'Bartell, Abbott and Halvorson', '83', 5228899);
INSERT INTO `theaterscreen` (`idscreen`, `name`, `totalseats`, `cinemaid`) VALUES (66, 'Adams, Metz and Baumbach', '85', 41565);
INSERT INTO `theaterscreen` (`idscreen`, `name`, `totalseats`, `cinemaid`) VALUES (70, 'Nolan Group', '85', 3159);
INSERT INTO `theaterscreen` (`idscreen`, `name`, `totalseats`, `cinemaid`) VALUES (74, 'Lang, Nikolaus and Hauck', '98', 7887);
INSERT INTO `theaterscreen` (`idscreen`, `name`, `totalseats`, `cinemaid`) VALUES (76, 'West, Kovacek and Hamill', '97', 24895246);
INSERT INTO `theaterscreen` (`idscreen`, `name`, `totalseats`, `cinemaid`) VALUES (88, 'Krajcik, Effertz and Douglas', '87', 306);
INSERT INTO `theaterscreen` (`idscreen`, `name`, `totalseats`, `cinemaid`) VALUES (89, 'Muller-Reinger', '108', 3);
INSERT INTO `theaterscreen` (`idscreen`, `name`, `totalseats`, `cinemaid`) VALUES (93, 'Rice, Greenfelder and Pfeffer', '100', 784926);
INSERT INTO `theaterscreen` (`idscreen`, `name`, `totalseats`, `cinemaid`) VALUES (95, 'Cartwright Inc', '95', 27918);
INSERT INTO `theaterscreen` (`idscreen`, `name`, `totalseats`, `cinemaid`) VALUES (97, 'Sanford Ltd', '141', 91554715);
INSERT INTO `theaterscreen` (`idscreen`, `name`, `totalseats`, `cinemaid`) VALUES (100, 'Emard, Hermiston and Morar', '150', 6488692);
INSERT INTO `theaterscreen` (`idscreen`, `name`, `totalseats`, `cinemaid`) VALUES (102, 'Deckow-Harber', '149', 476);
INSERT INTO `theaterscreen` (`idscreen`, `name`, `totalseats`, `cinemaid`) VALUES (110, 'Prosacco Group', '143', 422);
INSERT INTO `theaterscreen` (`idscreen`, `name`, `totalseats`, `cinemaid`) VALUES (111, 'Sawayn-Stracke', '128', 5742929);
INSERT INTO `theaterscreen` (`idscreen`, `name`, `totalseats`, `cinemaid`) VALUES (112, 'Orn, Zboncak and Morissette', '95', 881);
INSERT INTO `theaterscreen` (`idscreen`, `name`, `totalseats`, `cinemaid`) VALUES (114, 'Rippin-Torp', '117', 60308066);
INSERT INTO `theaterscreen` (`idscreen`, `name`, `totalseats`, `cinemaid`) VALUES (117, 'Harris, Ankunding and Grimes', '91', 1306);
INSERT INTO `theaterscreen` (`idscreen`, `name`, `totalseats`, `cinemaid`) VALUES (118, 'Hodkiewicz, Goldner and Mitchell', '115', 46);
INSERT INTO `theaterscreen` (`idscreen`, `name`, `totalseats`, `cinemaid`) VALUES (123, 'Stiedemann Ltd', '114', 49627382);
INSERT INTO `theaterscreen` (`idscreen`, `name`, `totalseats`, `cinemaid`) VALUES (125, 'Buckridge, Schneider and Bergnaum', '132', 4650);
INSERT INTO `theaterscreen` (`idscreen`, `name`, `totalseats`, `cinemaid`) VALUES (129, 'Lakin, Smith and Rath', '91', 15);
INSERT INTO `theaterscreen` (`idscreen`, `name`, `totalseats`, `cinemaid`) VALUES (130, 'Bogisich, Block and Walker', '104', 564685);
INSERT INTO `theaterscreen` (`idscreen`, `name`, `totalseats`, `cinemaid`) VALUES (133, 'Goldner Group', '114', 471528737);
INSERT INTO `theaterscreen` (`idscreen`, `name`, `totalseats`, `cinemaid`) VALUES (134, 'Douglas, Hagenes and Reichel', '140', 370773);
INSERT INTO `theaterscreen` (`idscreen`, `name`, `totalseats`, `cinemaid`) VALUES (136, 'Kuhic, Kutch and Lesch', '106', 801545);
INSERT INTO `theaterscreen` (`idscreen`, `name`, `totalseats`, `cinemaid`) VALUES (137, 'Murazik-Waelchi', '81', 5591);
INSERT INTO `theaterscreen` (`idscreen`, `name`, `totalseats`, `cinemaid`) VALUES (143, 'Block-Heaney', '126', 9857456);
INSERT INTO `theaterscreen` (`idscreen`, `name`, `totalseats`, `cinemaid`) VALUES (144, 'Kuhn Ltd', '141', 6348);
INSERT INTO `theaterscreen` (`idscreen`, `name`, `totalseats`, `cinemaid`) VALUES (145, 'Nikolaus-Nienow', '116', 117828570);
INSERT INTO `theaterscreen` (`idscreen`, `name`, `totalseats`, `cinemaid`) VALUES (148, 'Walter-Paucek', '136', 5952);
INSERT INTO `theaterscreen` (`idscreen`, `name`, `totalseats`, `cinemaid`) VALUES (149, 'Wolff, Koelpin and Watsica', '123', 15623);
INSERT INTO `theaterscreen` (`idscreen`, `name`, `totalseats`, `cinemaid`) VALUES (150, 'Pfannerstill, Casper and Schaefer', '90', 140);
INSERT INTO `theaterscreen` (`idscreen`, `name`, `totalseats`, `cinemaid`) VALUES (155, 'Bergnaum LLC', '132', 75938);
INSERT INTO `theaterscreen` (`idscreen`, `name`, `totalseats`, `cinemaid`) VALUES (156, 'Klocko Inc', '137', 294);
INSERT INTO `theaterscreen` (`idscreen`, `name`, `totalseats`, `cinemaid`) VALUES (161, 'Jacobson, Gislason and Mante', '86', 18659);
INSERT INTO `theaterscreen` (`idscreen`, `name`, `totalseats`, `cinemaid`) VALUES (163, 'Herman Ltd', '115', 9944);
INSERT INTO `theaterscreen` (`idscreen`, `name`, `totalseats`, `cinemaid`) VALUES (164, 'Schiller-Abernathy', '107', 795462640);
INSERT INTO `theaterscreen` (`idscreen`, `name`, `totalseats`, `cinemaid`) VALUES (166, 'Reinger PLC', '103', 57242816);
INSERT INTO `theaterscreen` (`idscreen`, `name`, `totalseats`, `cinemaid`) VALUES (170, 'Carter PLC', '88', 9);
INSERT INTO `theaterscreen` (`idscreen`, `name`, `totalseats`, `cinemaid`) VALUES (171, 'Mohr, Grady and Little', '121', 0);
INSERT INTO `theaterscreen` (`idscreen`, `name`, `totalseats`, `cinemaid`) VALUES (172, 'Sauer, Bailey and Hills', '148', 80);
INSERT INTO `theaterscreen` (`idscreen`, `name`, `totalseats`, `cinemaid`) VALUES (173, 'Daugherty, Beer and Rowe', '145', 4);
INSERT INTO `theaterscreen` (`idscreen`, `name`, `totalseats`, `cinemaid`) VALUES (176, 'Predovic Inc', '93', 6475987);
INSERT INTO `theaterscreen` (`idscreen`, `name`, `totalseats`, `cinemaid`) VALUES (178, 'O\'Conner-Erdman', '132', 810);
INSERT INTO `theaterscreen` (`idscreen`, `name`, `totalseats`, `cinemaid`) VALUES (179, 'Parker Inc', '81', 6543732);
INSERT INTO `theaterscreen` (`idscreen`, `name`, `totalseats`, `cinemaid`) VALUES (180, 'Gulgowski Group', '81', 307);
INSERT INTO `theaterscreen` (`idscreen`, `name`, `totalseats`, `cinemaid`) VALUES (184, 'Pfeffer, Skiles and Leffler', '100', 5737);
INSERT INTO `theaterscreen` (`idscreen`, `name`, `totalseats`, `cinemaid`) VALUES (185, 'Mills-Kunde', '116', 92602);
INSERT INTO `theaterscreen` (`idscreen`, `name`, `totalseats`, `cinemaid`) VALUES (187, 'Hudson and Sons', '143', 357);
INSERT INTO `theaterscreen` (`idscreen`, `name`, `totalseats`, `cinemaid`) VALUES (192, 'Beier Ltd', '112', 2223498);
INSERT INTO `theaterscreen` (`idscreen`, `name`, `totalseats`, `cinemaid`) VALUES (193, 'Abbott, Brakus and Harvey', '89', 3360);
INSERT INTO `theaterscreen` (`idscreen`, `name`, `totalseats`, `cinemaid`) VALUES (196, 'Bailey and Sons', '131', 1);
INSERT INTO `theaterscreen` (`idscreen`, `name`, `totalseats`, `cinemaid`) VALUES (198, 'Bogisich-Hayes', '133', 4134701);
INSERT INTO `theaterscreen` (`idscreen`, `name`, `totalseats`, `cinemaid`) VALUES (201, 'Rohan, Nicolas and Thompson', '141', 170);
INSERT INTO `theaterscreen` (`idscreen`, `name`, `totalseats`, `cinemaid`) VALUES (203, 'Stracke-Runolfsdottir', '124', 77674096);
INSERT INTO `theaterscreen` (`idscreen`, `name`, `totalseats`, `cinemaid`) VALUES (207, 'Hudson-Powlowski', '84', 38);
INSERT INTO `theaterscreen` (`idscreen`, `name`, `totalseats`, `cinemaid`) VALUES (208, 'Leuschke, Torphy and Effertz', '96', 74);
INSERT INTO `theaterscreen` (`idscreen`, `name`, `totalseats`, `cinemaid`) VALUES (209, 'Powlowski-Lebsack', '120', 81254);
INSERT INTO `theaterscreen` (`idscreen`, `name`, `totalseats`, `cinemaid`) VALUES (210, 'Maggio Inc', '139', 50818);
INSERT INTO `theaterscreen` (`idscreen`, `name`, `totalseats`, `cinemaid`) VALUES (212, 'Reilly Group', '150', 5222745);
INSERT INTO `theaterscreen` (`idscreen`, `name`, `totalseats`, `cinemaid`) VALUES (213, 'Thompson-Hickle', '133', 21);
INSERT INTO `theaterscreen` (`idscreen`, `name`, `totalseats`, `cinemaid`) VALUES (217, 'Runte and Sons', '140', 1606347);
INSERT INTO `theaterscreen` (`idscreen`, `name`, `totalseats`, `cinemaid`) VALUES (219, 'Klein-Macejkovic', '136', 64);
INSERT INTO `theaterscreen` (`idscreen`, `name`, `totalseats`, `cinemaid`) VALUES (221, 'Ortiz, Pfannerstill and Turner', '121', 776);
INSERT INTO `theaterscreen` (`idscreen`, `name`, `totalseats`, `cinemaid`) VALUES (222, 'Okuneva-Abernathy', '150', 630905);
INSERT INTO `theaterscreen` (`idscreen`, `name`, `totalseats`, `cinemaid`) VALUES (223, 'Wilkinson-Torphy', '104', 2);
INSERT INTO `theaterscreen` (`idscreen`, `name`, `totalseats`, `cinemaid`) VALUES (225, 'Buckridge, Mosciski and Farrell', '136', 7787954);
INSERT INTO `theaterscreen` (`idscreen`, `name`, `totalseats`, `cinemaid`) VALUES (229, 'Hermann, Reichert and Schulist', '122', 554320158);
INSERT INTO `theaterscreen` (`idscreen`, `name`, `totalseats`, `cinemaid`) VALUES (230, 'Feeney-Kreiger', '103', 5561121);
INSERT INTO `theaterscreen` (`idscreen`, `name`, `totalseats`, `cinemaid`) VALUES (233, 'Torphy-Dooley', '103', 8);
INSERT INTO `theaterscreen` (`idscreen`, `name`, `totalseats`, `cinemaid`) VALUES (236, 'Luettgen LLC', '119', 127525715);
INSERT INTO `theaterscreen` (`idscreen`, `name`, `totalseats`, `cinemaid`) VALUES (237, 'Dibbert LLC', '88', 8841);
INSERT INTO `theaterscreen` (`idscreen`, `name`, `totalseats`, `cinemaid`) VALUES (238, 'Lueilwitz and Sons', '97', 8671086);
INSERT INTO `theaterscreen` (`idscreen`, `name`, `totalseats`, `cinemaid`) VALUES (240, 'Rodriguez, Marks and Grady', '100', 5);
INSERT INTO `theaterscreen` (`idscreen`, `name`, `totalseats`, `cinemaid`) VALUES (242, 'Kutch PLC', '92', 95920);
INSERT INTO `theaterscreen` (`idscreen`, `name`, `totalseats`, `cinemaid`) VALUES (244, 'Johnson PLC', '84', 2366);
INSERT INTO `theaterscreen` (`idscreen`, `name`, `totalseats`, `cinemaid`) VALUES (245, 'Okuneva LLC', '102', 838);
INSERT INTO `theaterscreen` (`idscreen`, `name`, `totalseats`, `cinemaid`) VALUES (248, 'Rosenbaum-Bergstrom', '147', 854);

#Theatre

INSERT INTO `theatre` (`idcinema`, `name`, `numberofscreens`, `cityid`) VALUES (0, 'Rippin-Morissette', 2, 6);
INSERT INTO `theatre` (`idcinema`, `name`, `numberofscreens`, `cityid`) VALUES (1, 'Wunsch Group', 1, 3);
INSERT INTO `theatre` (`idcinema`, `name`, `numberofscreens`, `cityid`) VALUES (2, 'Klocko, Anderson and Pouros', 3, 5);
INSERT INTO `theatre` (`idcinema`, `name`, `numberofscreens`, `cityid`) VALUES (3, 'Corkery-Ward', 8, 63);
INSERT INTO `theatre` (`idcinema`, `name`, `numberofscreens`, `cityid`) VALUES (4, 'Christiansen-O\'Conner', 7, 30);
INSERT INTO `theatre` (`idcinema`, `name`, `numberofscreens`, `cityid`) VALUES (5, 'Bergstrom-Mertz', 9, 32);
INSERT INTO `theatre` (`idcinema`, `name`, `numberofscreens`, `cityid`) VALUES (8, 'Schumm, Gislason and Bashirian', 7, 167);
INSERT INTO `theatre` (`idcinema`, `name`, `numberofscreens`, `cityid`) VALUES (9, 'Simonis, Hilll and Nienow', 4, 119);
INSERT INTO `theatre` (`idcinema`, `name`, `numberofscreens`, `cityid`) VALUES (15, 'Heller PLC', 3, 139);
INSERT INTO `theatre` (`idcinema`, `name`, `numberofscreens`, `cityid`) VALUES (21, 'Hudson Group', 4, 112);
INSERT INTO `theatre` (`idcinema`, `name`, `numberofscreens`, `cityid`) VALUES (38, 'Cremin-Terry', 4, 135);
INSERT INTO `theatre` (`idcinema`, `name`, `numberofscreens`, `cityid`) VALUES (46, 'Runte-Streich', 9, 113);
INSERT INTO `theatre` (`idcinema`, `name`, `numberofscreens`, `cityid`) VALUES (64, 'Zboncak-Goldner', 4, 154);
INSERT INTO `theatre` (`idcinema`, `name`, `numberofscreens`, `cityid`) VALUES (65, 'Ernser and Sons', 7, 176);
INSERT INTO `theatre` (`idcinema`, `name`, `numberofscreens`, `cityid`) VALUES (74, 'Bahringer-Pfannerstill', 2, 20);
INSERT INTO `theatre` (`idcinema`, `name`, `numberofscreens`, `cityid`) VALUES (80, 'Halvorson and Sons', 3, 16);
INSERT INTO `theatre` (`idcinema`, `name`, `numberofscreens`, `cityid`) VALUES (140, 'McClure Inc', 8, 85);
INSERT INTO `theatre` (`idcinema`, `name`, `numberofscreens`, `cityid`) VALUES (170, 'Schultz, Watsica and Doyle', 7, 145);
INSERT INTO `theatre` (`idcinema`, `name`, `numberofscreens`, `cityid`) VALUES (294, 'Berge and Sons', 1, 55);
INSERT INTO `theatre` (`idcinema`, `name`, `numberofscreens`, `cityid`) VALUES (306, 'Emmerich LLC', 1, 14);
INSERT INTO `theatre` (`idcinema`, `name`, `numberofscreens`, `cityid`) VALUES (307, 'Kunde Inc', 9, 88);
INSERT INTO `theatre` (`idcinema`, `name`, `numberofscreens`, `cityid`) VALUES (357, 'Auer-Schaefer', 2, 35);
INSERT INTO `theatre` (`idcinema`, `name`, `numberofscreens`, `cityid`) VALUES (422, 'King, Glover and Prosacco', 5, 160);
INSERT INTO `theatre` (`idcinema`, `name`, `numberofscreens`, `cityid`) VALUES (476, 'Bechtelar Ltd', 2, 23);
INSERT INTO `theatre` (`idcinema`, `name`, `numberofscreens`, `cityid`) VALUES (776, 'Bergnaum Ltd', 5, 53);
INSERT INTO `theatre` (`idcinema`, `name`, `numberofscreens`, `cityid`) VALUES (810, 'Bode-Lynch', 7, 132);
INSERT INTO `theatre` (`idcinema`, `name`, `numberofscreens`, `cityid`) VALUES (838, 'Macejkovic PLC', 2, 125);
INSERT INTO `theatre` (`idcinema`, `name`, `numberofscreens`, `cityid`) VALUES (854, 'Walsh, Schroeder and Weissnat', 6, 79);
INSERT INTO `theatre` (`idcinema`, `name`, `numberofscreens`, `cityid`) VALUES (881, 'Abbott, Konopelski and Raynor', 4, 189);
INSERT INTO `theatre` (`idcinema`, `name`, `numberofscreens`, `cityid`) VALUES (882, 'Zemlak-Kessler', 3, 122);
INSERT INTO `theatre` (`idcinema`, `name`, `numberofscreens`, `cityid`) VALUES (1306, 'Feest Inc', 3, 9);
INSERT INTO `theatre` (`idcinema`, `name`, `numberofscreens`, `cityid`) VALUES (2366, 'Schuppe LLC', 9, 134);
INSERT INTO `theatre` (`idcinema`, `name`, `numberofscreens`, `cityid`) VALUES (3159, 'Cole Inc', 9, 152);
INSERT INTO `theatre` (`idcinema`, `name`, `numberofscreens`, `cityid`) VALUES (3360, 'Pacocha, Nicolas and Aufderhar', 9, 148);
INSERT INTO `theatre` (`idcinema`, `name`, `numberofscreens`, `cityid`) VALUES (4650, 'Gerlach, Veum and Ebert', 8, 144);
INSERT INTO `theatre` (`idcinema`, `name`, `numberofscreens`, `cityid`) VALUES (5591, 'Hermiston, Abbott and Schuster', 3, 192);
INSERT INTO `theatre` (`idcinema`, `name`, `numberofscreens`, `cityid`) VALUES (5737, 'Boehm PLC', 3, 31);
INSERT INTO `theatre` (`idcinema`, `name`, `numberofscreens`, `cityid`) VALUES (5952, 'Ratke, Zieme and Orn', 2, 74);
INSERT INTO `theatre` (`idcinema`, `name`, `numberofscreens`, `cityid`) VALUES (6348, 'Nicolas-Grant', 8, 57);
INSERT INTO `theatre` (`idcinema`, `name`, `numberofscreens`, `cityid`) VALUES (6764, 'Jacobson-Hand', 7, 106);
INSERT INTO `theatre` (`idcinema`, `name`, `numberofscreens`, `cityid`) VALUES (7554, 'Simonis, Schulist and Hoppe', 1, 199);
INSERT INTO `theatre` (`idcinema`, `name`, `numberofscreens`, `cityid`) VALUES (7887, 'Littel-Pouros', 4, 86);
INSERT INTO `theatre` (`idcinema`, `name`, `numberofscreens`, `cityid`) VALUES (8711, 'Larson, Mills and Ryan', 7, 172);
INSERT INTO `theatre` (`idcinema`, `name`, `numberofscreens`, `cityid`) VALUES (8841, 'Kuhn, Schneider and Rogahn', 4, 95);
INSERT INTO `theatre` (`idcinema`, `name`, `numberofscreens`, `cityid`) VALUES (9944, 'Bernhard-Volkman', 5, 197);
INSERT INTO `theatre` (`idcinema`, `name`, `numberofscreens`, `cityid`) VALUES (9969, 'Rutherford-Franecki', 4, 87);
INSERT INTO `theatre` (`idcinema`, `name`, `numberofscreens`, `cityid`) VALUES (15623, 'Rosenbaum-Boyle', 6, 12);
INSERT INTO `theatre` (`idcinema`, `name`, `numberofscreens`, `cityid`) VALUES (18659, 'Baumbach Ltd', 2, 136);
INSERT INTO `theatre` (`idcinema`, `name`, `numberofscreens`, `cityid`) VALUES (27918, 'Deckow-Bartell', 2, 60);
INSERT INTO `theatre` (`idcinema`, `name`, `numberofscreens`, `cityid`) VALUES (30878, 'Weimann and Sons', 5, 158);
INSERT INTO `theatre` (`idcinema`, `name`, `numberofscreens`, `cityid`) VALUES (32565, 'McGlynn-Pacocha', 3, 64);
INSERT INTO `theatre` (`idcinema`, `name`, `numberofscreens`, `cityid`) VALUES (41565, 'Lind, Corkery and Steuber', 6, 157);
INSERT INTO `theatre` (`idcinema`, `name`, `numberofscreens`, `cityid`) VALUES (50818, 'Price-Hahn', 3, 195);
INSERT INTO `theatre` (`idcinema`, `name`, `numberofscreens`, `cityid`) VALUES (75938, 'Windler PLC', 6, 51);
INSERT INTO `theatre` (`idcinema`, `name`, `numberofscreens`, `cityid`) VALUES (81254, 'Murray Ltd', 2, 129);
INSERT INTO `theatre` (`idcinema`, `name`, `numberofscreens`, `cityid`) VALUES (92602, 'Bashirian-Ondricka', 2, 156);
INSERT INTO `theatre` (`idcinema`, `name`, `numberofscreens`, `cityid`) VALUES (95920, 'Fisher-Howell', 6, 69);
INSERT INTO `theatre` (`idcinema`, `name`, `numberofscreens`, `cityid`) VALUES (253408, 'Hoeger Group', 3, 114);
INSERT INTO `theatre` (`idcinema`, `name`, `numberofscreens`, `cityid`) VALUES (370773, 'Turcotte Ltd', 5, 182);
INSERT INTO `theatre` (`idcinema`, `name`, `numberofscreens`, `cityid`) VALUES (564685, 'Breitenberg Ltd', 3, 27);
INSERT INTO `theatre` (`idcinema`, `name`, `numberofscreens`, `cityid`) VALUES (630905, 'Sipes PLC', 7, 147);
INSERT INTO `theatre` (`idcinema`, `name`, `numberofscreens`, `cityid`) VALUES (784926, 'Torp LLC', 4, 171);
INSERT INTO `theatre` (`idcinema`, `name`, `numberofscreens`, `cityid`) VALUES (801545, 'Gerlach, Ledner and Padberg', 6, 190);
INSERT INTO `theatre` (`idcinema`, `name`, `numberofscreens`, `cityid`) VALUES (955894, 'Ledner, O\'Reilly and Muller', 3, 78);
INSERT INTO `theatre` (`idcinema`, `name`, `numberofscreens`, `cityid`) VALUES (1606347, 'Beahan and Sons', 2, 24);
INSERT INTO `theatre` (`idcinema`, `name`, `numberofscreens`, `cityid`) VALUES (1844227, 'Jaskolski PLC', 1, 179);
INSERT INTO `theatre` (`idcinema`, `name`, `numberofscreens`, `cityid`) VALUES (2223498, 'Block LLC', 8, 46);
INSERT INTO `theatre` (`idcinema`, `name`, `numberofscreens`, `cityid`) VALUES (4134701, 'Greenfelder Inc', 6, 45);
INSERT INTO `theatre` (`idcinema`, `name`, `numberofscreens`, `cityid`) VALUES (5222745, 'Schimmel, Will and Hermiston', 8, 73);
INSERT INTO `theatre` (`idcinema`, `name`, `numberofscreens`, `cityid`) VALUES (5228899, 'Keebler PLC', 6, 25);
INSERT INTO `theatre` (`idcinema`, `name`, `numberofscreens`, `cityid`) VALUES (5486595, 'Conn LLC', 3, 108);
INSERT INTO `theatre` (`idcinema`, `name`, `numberofscreens`, `cityid`) VALUES (5561121, 'Daugherty, Lind and Bergstrom', 1, 22);
INSERT INTO `theatre` (`idcinema`, `name`, `numberofscreens`, `cityid`) VALUES (5742929, 'Hammes Group', 7, 162);
INSERT INTO `theatre` (`idcinema`, `name`, `numberofscreens`, `cityid`) VALUES (6475987, 'Balistreri-Shanahan', 3, 149);
INSERT INTO `theatre` (`idcinema`, `name`, `numberofscreens`, `cityid`) VALUES (6488692, 'Bartell-Kilback', 9, 70);
INSERT INTO `theatre` (`idcinema`, `name`, `numberofscreens`, `cityid`) VALUES (6543732, 'Klein, Grant and Considine', 6, 130);
INSERT INTO `theatre` (`idcinema`, `name`, `numberofscreens`, `cityid`) VALUES (7787954, 'Abernathy-Glover', 8, 8);
INSERT INTO `theatre` (`idcinema`, `name`, `numberofscreens`, `cityid`) VALUES (8671086, 'Rice-Trantow', 7, 186);
INSERT INTO `theatre` (`idcinema`, `name`, `numberofscreens`, `cityid`) VALUES (9459755, 'Hermann PLC', 2, 175);
INSERT INTO `theatre` (`idcinema`, `name`, `numberofscreens`, `cityid`) VALUES (9857456, 'Pagac Ltd', 3, 42);
INSERT INTO `theatre` (`idcinema`, `name`, `numberofscreens`, `cityid`) VALUES (11268533, 'Russel Inc', 4, 180);
INSERT INTO `theatre` (`idcinema`, `name`, `numberofscreens`, `cityid`) VALUES (24895246, 'Strosin, Bailey and White', 1, 124);
INSERT INTO `theatre` (`idcinema`, `name`, `numberofscreens`, `cityid`) VALUES (43377069, 'Runte-Kuhlman', 9, 109);
INSERT INTO `theatre` (`idcinema`, `name`, `numberofscreens`, `cityid`) VALUES (49627382, 'Prosacco Inc', 9, 102);
INSERT INTO `theatre` (`idcinema`, `name`, `numberofscreens`, `cityid`) VALUES (55190557, 'Pfannerstill LLC', 8, 47);
INSERT INTO `theatre` (`idcinema`, `name`, `numberofscreens`, `cityid`) VALUES (55236323, 'Kovacek-Wilkinson', 7, 93);
INSERT INTO `theatre` (`idcinema`, `name`, `numberofscreens`, `cityid`) VALUES (57242816, 'Lowe-Schaefer', 1, 81);
INSERT INTO `theatre` (`idcinema`, `name`, `numberofscreens`, `cityid`) VALUES (60308066, 'Adams Ltd', 8, 103);
INSERT INTO `theatre` (`idcinema`, `name`, `numberofscreens`, `cityid`) VALUES (75273856, 'Gottlieb, Schaefer and Cremin', 1, 71);
INSERT INTO `theatre` (`idcinema`, `name`, `numberofscreens`, `cityid`) VALUES (77674096, 'Ullrich, Mayer and Haley', 8, 196);
INSERT INTO `theatre` (`idcinema`, `name`, `numberofscreens`, `cityid`) VALUES (91554715, 'Dickinson, Tillman and Lynch', 1, 43);
INSERT INTO `theatre` (`idcinema`, `name`, `numberofscreens`, `cityid`) VALUES (117828570, 'Larkin Ltd', 9, 142);
INSERT INTO `theatre` (`idcinema`, `name`, `numberofscreens`, `cityid`) VALUES (127525715, 'Grant-Kautzer', 2, 121);
INSERT INTO `theatre` (`idcinema`, `name`, `numberofscreens`, `cityid`) VALUES (243697189, 'Torphy, Hauck and Ondricka', 4, 41);
INSERT INTO `theatre` (`idcinema`, `name`, `numberofscreens`, `cityid`) VALUES (251408582, 'Pouros, Koepp and Mayert', 8, 181);
INSERT INTO `theatre` (`idcinema`, `name`, `numberofscreens`, `cityid`) VALUES (471528737, 'Labadie, Berge and Parker', 2, 133);
INSERT INTO `theatre` (`idcinema`, `name`, `numberofscreens`, `cityid`) VALUES (554320158, 'Barrows Group', 6, 76);
INSERT INTO `theatre` (`idcinema`, `name`, `numberofscreens`, `cityid`) VALUES (795462640, 'Sanford-Kohler', 6, 10);
INSERT INTO `theatre` (`idcinema`, `name`, `numberofscreens`, `cityid`) VALUES (876936748, 'Heaney-Terry', 3, 17);
INSERT INTO `theatre` (`idcinema`, `name`, `numberofscreens`, `cityid`) VALUES (991795626, 'VonRueden, Ledner and Parisian', 4, 127);

#Theatreseat

INSERT INTO `theatreseat` (`idtheatreseat`, `seatnum`, `idscreen`) VALUES (1, '76', 21);
INSERT INTO `theatreseat` (`idtheatreseat`, `seatnum`, `idscreen`) VALUES (2, '32', 25);
INSERT INTO `theatreseat` (`idtheatreseat`, `seatnum`, `idscreen`) VALUES (4, '41', 193);
INSERT INTO `theatreseat` (`idtheatreseat`, `seatnum`, `idscreen`) VALUES (7, '83', 46);
INSERT INTO `theatreseat` (`idtheatreseat`, `seatnum`, `idscreen`) VALUES (10, '78', 209);
INSERT INTO `theatreseat` (`idtheatreseat`, `seatnum`, `idscreen`) VALUES (20, '1', 172);
INSERT INTO `theatreseat` (`idtheatreseat`, `seatnum`, `idscreen`) VALUES (21, '73', 45);
INSERT INTO `theatreseat` (`idtheatreseat`, `seatnum`, `idscreen`) VALUES (28, '35', 178);
INSERT INTO `theatreseat` (`idtheatreseat`, `seatnum`, `idscreen`) VALUES (30, '49', 149);
INSERT INTO `theatreseat` (`idtheatreseat`, `seatnum`, `idscreen`) VALUES (38, '37', 34);
INSERT INTO `theatreseat` (`idtheatreseat`, `seatnum`, `idscreen`) VALUES (39, '5', 112);
INSERT INTO `theatreseat` (`idtheatreseat`, `seatnum`, `idscreen`) VALUES (40, '98', 236);
INSERT INTO `theatreseat` (`idtheatreseat`, `seatnum`, `idscreen`) VALUES (43, '31', 20);
INSERT INTO `theatreseat` (`idtheatreseat`, `seatnum`, `idscreen`) VALUES (46, '46', 207);
INSERT INTO `theatreseat` (`idtheatreseat`, `seatnum`, `idscreen`) VALUES (47, '71', 36);
INSERT INTO `theatreseat` (`idtheatreseat`, `seatnum`, `idscreen`) VALUES (50, '95', 148);
INSERT INTO `theatreseat` (`idtheatreseat`, `seatnum`, `idscreen`) VALUES (53, '62', 76);
INSERT INTO `theatreseat` (`idtheatreseat`, `seatnum`, `idscreen`) VALUES (56, '82', 43);
INSERT INTO `theatreseat` (`idtheatreseat`, `seatnum`, `idscreen`) VALUES (57, '25', 114);
INSERT INTO `theatreseat` (`idtheatreseat`, `seatnum`, `idscreen`) VALUES (59, '94', 155);
INSERT INTO `theatreseat` (`idtheatreseat`, `seatnum`, `idscreen`) VALUES (66, '27', 233);
INSERT INTO `theatreseat` (`idtheatreseat`, `seatnum`, `idscreen`) VALUES (69, '90', 102);
INSERT INTO `theatreseat` (`idtheatreseat`, `seatnum`, `idscreen`) VALUES (74, '26', 143);
INSERT INTO `theatreseat` (`idtheatreseat`, `seatnum`, `idscreen`) VALUES (78, '12', 17);
INSERT INTO `theatreseat` (`idtheatreseat`, `seatnum`, `idscreen`) VALUES (80, '49', 223);
INSERT INTO `theatreseat` (`idtheatreseat`, `seatnum`, `idscreen`) VALUES (81, '27', 187);
INSERT INTO `theatreseat` (`idtheatreseat`, `seatnum`, `idscreen`) VALUES (83, '81', 40);
INSERT INTO `theatreseat` (`idtheatreseat`, `seatnum`, `idscreen`) VALUES (85, '16', 30);
INSERT INTO `theatreseat` (`idtheatreseat`, `seatnum`, `idscreen`) VALUES (88, '18', 145);
INSERT INTO `theatreseat` (`idtheatreseat`, `seatnum`, `idscreen`) VALUES (94, '70', 184);
INSERT INTO `theatreseat` (`idtheatreseat`, `seatnum`, `idscreen`) VALUES (95, '23', 93);
INSERT INTO `theatreseat` (`idtheatreseat`, `seatnum`, `idscreen`) VALUES (98, '31', 217);
INSERT INTO `theatreseat` (`idtheatreseat`, `seatnum`, `idscreen`) VALUES (99, '54', 10);
INSERT INTO `theatreseat` (`idtheatreseat`, `seatnum`, `idscreen`) VALUES (100, '19', 11);
INSERT INTO `theatreseat` (`idtheatreseat`, `seatnum`, `idscreen`) VALUES (109, '46', 118);
INSERT INTO `theatreseat` (`idtheatreseat`, `seatnum`, `idscreen`) VALUES (110, '72', 171);
INSERT INTO `theatreseat` (`idtheatreseat`, `seatnum`, `idscreen`) VALUES (111, '82', 88);
INSERT INTO `theatreseat` (`idtheatreseat`, `seatnum`, `idscreen`) VALUES (112, '61', 70);
INSERT INTO `theatreseat` (`idtheatreseat`, `seatnum`, `idscreen`) VALUES (113, '66', 134);
INSERT INTO `theatreseat` (`idtheatreseat`, `seatnum`, `idscreen`) VALUES (114, '85', 170);
INSERT INTO `theatreseat` (`idtheatreseat`, `seatnum`, `idscreen`) VALUES (117, '71', 222);
INSERT INTO `theatreseat` (`idtheatreseat`, `seatnum`, `idscreen`) VALUES (122, '87', 240);
INSERT INTO `theatreseat` (`idtheatreseat`, `seatnum`, `idscreen`) VALUES (123, '57', 150);
INSERT INTO `theatreseat` (`idtheatreseat`, `seatnum`, `idscreen`) VALUES (125, '100', 164);
INSERT INTO `theatreseat` (`idtheatreseat`, `seatnum`, `idscreen`) VALUES (129, '69', 117);
INSERT INTO `theatreseat` (`idtheatreseat`, `seatnum`, `idscreen`) VALUES (130, '23', 24);
INSERT INTO `theatreseat` (`idtheatreseat`, `seatnum`, `idscreen`) VALUES (132, '13', 23);
INSERT INTO `theatreseat` (`idtheatreseat`, `seatnum`, `idscreen`) VALUES (137, '19', 208);
INSERT INTO `theatreseat` (`idtheatreseat`, `seatnum`, `idscreen`) VALUES (138, '9', 18);
INSERT INTO `theatreseat` (`idtheatreseat`, `seatnum`, `idscreen`) VALUES (139, '15', 196);
INSERT INTO `theatreseat` (`idtheatreseat`, `seatnum`, `idscreen`) VALUES (140, '33', 48);
INSERT INTO `theatreseat` (`idtheatreseat`, `seatnum`, `idscreen`) VALUES (142, '94', 221);
INSERT INTO `theatreseat` (`idtheatreseat`, `seatnum`, `idscreen`) VALUES (144, '55', 248);
INSERT INTO `theatreseat` (`idtheatreseat`, `seatnum`, `idscreen`) VALUES (146, '29', 237);
INSERT INTO `theatreseat` (`idtheatreseat`, `seatnum`, `idscreen`) VALUES (152, '99', 163);
INSERT INTO `theatreseat` (`idtheatreseat`, `seatnum`, `idscreen`) VALUES (154, '32', 213);
INSERT INTO `theatreseat` (`idtheatreseat`, `seatnum`, `idscreen`) VALUES (156, '24', 74);
INSERT INTO `theatreseat` (`idtheatreseat`, `seatnum`, `idscreen`) VALUES (160, '30', 89);
INSERT INTO `theatreseat` (`idtheatreseat`, `seatnum`, `idscreen`) VALUES (169, '80', 173);
INSERT INTO `theatreseat` (`idtheatreseat`, `seatnum`, `idscreen`) VALUES (170, '48', 161);
INSERT INTO `theatreseat` (`idtheatreseat`, `seatnum`, `idscreen`) VALUES (172, '96', 9);
INSERT INTO `theatreseat` (`idtheatreseat`, `seatnum`, `idscreen`) VALUES (178, '31', 176);
INSERT INTO `theatreseat` (`idtheatreseat`, `seatnum`, `idscreen`) VALUES (180, '20', 129);
INSERT INTO `theatreseat` (`idtheatreseat`, `seatnum`, `idscreen`) VALUES (191, '76', 238);
INSERT INTO `theatreseat` (`idtheatreseat`, `seatnum`, `idscreen`) VALUES (193, '73', 225);
INSERT INTO `theatreseat` (`idtheatreseat`, `seatnum`, `idscreen`) VALUES (195, '35', 179);
INSERT INTO `theatreseat` (`idtheatreseat`, `seatnum`, `idscreen`) VALUES (197, '33', 110);
INSERT INTO `theatreseat` (`idtheatreseat`, `seatnum`, `idscreen`) VALUES (200, '59', 61);
INSERT INTO `theatreseat` (`idtheatreseat`, `seatnum`, `idscreen`) VALUES (202, '4', 137);
INSERT INTO `theatreseat` (`idtheatreseat`, `seatnum`, `idscreen`) VALUES (204, '84', 185);
INSERT INTO `theatreseat` (`idtheatreseat`, `seatnum`, `idscreen`) VALUES (205, '26', 201);
INSERT INTO `theatreseat` (`idtheatreseat`, `seatnum`, `idscreen`) VALUES (208, '33', 212);
INSERT INTO `theatreseat` (`idtheatreseat`, `seatnum`, `idscreen`) VALUES (209, '61', 8);
INSERT INTO `theatreseat` (`idtheatreseat`, `seatnum`, `idscreen`) VALUES (210, '37', 130);
INSERT INTO `theatreseat` (`idtheatreseat`, `seatnum`, `idscreen`) VALUES (211, '1', 219);
INSERT INTO `theatreseat` (`idtheatreseat`, `seatnum`, `idscreen`) VALUES (213, '71', 244);
INSERT INTO `theatreseat` (`idtheatreseat`, `seatnum`, `idscreen`) VALUES (216, '14', 136);
INSERT INTO `theatreseat` (`idtheatreseat`, `seatnum`, `idscreen`) VALUES (217, '76', 95);
INSERT INTO `theatreseat` (`idtheatreseat`, `seatnum`, `idscreen`) VALUES (219, '21', 133);
INSERT INTO `theatreseat` (`idtheatreseat`, `seatnum`, `idscreen`) VALUES (220, '57', 156);
INSERT INTO `theatreseat` (`idtheatreseat`, `seatnum`, `idscreen`) VALUES (223, '22', 57);
INSERT INTO `theatreseat` (`idtheatreseat`, `seatnum`, `idscreen`) VALUES (225, '32', 66);
INSERT INTO `theatreseat` (`idtheatreseat`, `seatnum`, `idscreen`) VALUES (226, '20', 230);
INSERT INTO `theatreseat` (`idtheatreseat`, `seatnum`, `idscreen`) VALUES (229, '62', 125);
INSERT INTO `theatreseat` (`idtheatreseat`, `seatnum`, `idscreen`) VALUES (230, '78', 111);
INSERT INTO `theatreseat` (`idtheatreseat`, `seatnum`, `idscreen`) VALUES (232, '93', 166);
INSERT INTO `theatreseat` (`idtheatreseat`, `seatnum`, `idscreen`) VALUES (234, '21', 242);
INSERT INTO `theatreseat` (`idtheatreseat`, `seatnum`, `idscreen`) VALUES (238, '43', 42);
INSERT INTO `theatreseat` (`idtheatreseat`, `seatnum`, `idscreen`) VALUES (242, '94', 210);
INSERT INTO `theatreseat` (`idtheatreseat`, `seatnum`, `idscreen`) VALUES (254, '24', 31);
INSERT INTO `theatreseat` (`idtheatreseat`, `seatnum`, `idscreen`) VALUES (263, '78', 203);
INSERT INTO `theatreseat` (`idtheatreseat`, `seatnum`, `idscreen`) VALUES (266, '74', 245);
INSERT INTO `theatreseat` (`idtheatreseat`, `seatnum`, `idscreen`) VALUES (268, '20', 180);
INSERT INTO `theatreseat` (`idtheatreseat`, `seatnum`, `idscreen`) VALUES (271, '76', 229);
INSERT INTO `theatreseat` (`idtheatreseat`, `seatnum`, `idscreen`) VALUES (277, '12', 192);
INSERT INTO `theatreseat` (`idtheatreseat`, `seatnum`, `idscreen`) VALUES (283, '10', 144);
INSERT INTO `theatreseat` (`idtheatreseat`, `seatnum`, `idscreen`) VALUES (289, '98', 123);
INSERT INTO `theatreseat` (`idtheatreseat`, `seatnum`, `idscreen`) VALUES (295, '60', 198);
INSERT INTO `theatreseat` (`idtheatreseat`, `seatnum`, `idscreen`) VALUES (297, '16', 100);
INSERT INTO `theatreseat` (`idtheatreseat`, `seatnum`, `idscreen`) VALUES (300, '22', 97);

#User

INSERT INTO `user` (`iduser`, `name`, `Password`, `phone`, `email`) VALUES (0, 'Hilma Senger', '1da87592a2150b0c154850f3989efc71aeddc735', 0, 'mark89@example.com');
INSERT INTO `user` (`iduser`, `name`, `Password`, `phone`, `email`) VALUES (1, 'Winona Lakin', '1e7b144dcf9f7dd016b53f9dd9686a773ad0c43f', 958, 'gerald79@example.net');
INSERT INTO `user` (`iduser`, `name`, `Password`, `phone`, `email`) VALUES (3, 'Dannie Hane', '585e01273bfc8a7fa62639606ff688ae1ce6c0a2', 743, 'bulah64@example.com');
INSERT INTO `user` (`iduser`, `name`, `Password`, `phone`, `email`) VALUES (9, 'Daphney Zboncak', 'b3ad07ed38444f9df6c7def664d8b102ac386d4c', 272416, 'btorphy@example.com');
INSERT INTO `user` (`iduser`, `name`, `Password`, `phone`, `email`) VALUES (44, 'Prof. Destinee Schulist', 'a13703764e71111dbb24c74d231de464a481f7f7', 734, 'royce62@example.net');
INSERT INTO `user` (`iduser`, `name`, `Password`, `phone`, `email`) VALUES (53, 'Dale Johnston I', '748d5dab9856e193b44ed66c6072283efee2a92d', 392476, 'melissa46@example.org');
INSERT INTO `user` (`iduser`, `name`, `Password`, `phone`, `email`) VALUES (84, 'Albina Lehner', 'cc46938d8fd7155229b8f1f27865895fd9604887', 56, 'olangworth@example.com');
INSERT INTO `user` (`iduser`, `name`, `Password`, `phone`, `email`) VALUES (115, 'Mr. Dennis Altenwerth', '1d90fad46a46015657a982b51890e16531a65680', 77, 'littel.vivienne@example.org');
INSERT INTO `user` (`iduser`, `name`, `Password`, `phone`, `email`) VALUES (398, 'Mr. Jan Farrell', '16a602773b8613a3b96e8ce351c648feeb367dbf', 244488, 'rhiannon71@example.com');
INSERT INTO `user` (`iduser`, `name`, `Password`, `phone`, `email`) VALUES (532, 'Melany Waters', '47e03b0804d8405440226834ec818c57c1fd58a1', 489396, 'abernathy.nedra@example.org');
INSERT INTO `user` (`iduser`, `name`, `Password`, `phone`, `email`) VALUES (604, 'Makenzie Kirlin', 'e5fa96c6878ddc970ace045e88b35cd8f36561e7', 310678, 'bwitting@example.net');
INSERT INTO `user` (`iduser`, `name`, `Password`, `phone`, `email`) VALUES (681, 'Lillie Rice', 'ab5600c116cd6ed96512c423cefaa2ccbfde19b3', 2147483647, 'casey.schulist@example.net');
INSERT INTO `user` (`iduser`, `name`, `Password`, `phone`, `email`) VALUES (837, 'Delta Murazik', 'f3949c75a85f93841765d91f650aa950417cb58d', 659874, 'maybell27@example.net');
INSERT INTO `user` (`iduser`, `name`, `Password`, `phone`, `email`) VALUES (941, 'Michael Klocko DVM', 'a42d67477b2673ec97408bea9271192d569bd196', 544, 'merlin37@example.com');
INSERT INTO `user` (`iduser`, `name`, `Password`, `phone`, `email`) VALUES (2137, 'Hilda Yost', '9bbd947c54e44fe135818bc149e0073cdee8cb25', 134560, 'jaqueline.jerde@example.org');
INSERT INTO `user` (`iduser`, `name`, `Password`, `phone`, `email`) VALUES (2261, 'Marilie Hansen', '326bc299ad5f4056cdbd540703c5b0102268d9eb', 1, 'mayra68@example.org');
INSERT INTO `user` (`iduser`, `name`, `Password`, `phone`, `email`) VALUES (3901, 'Crystal Emmerich', '8fc290ec02875d2dff86b028f2ffd2928a291124', 859279, 'candice88@example.com');
INSERT INTO `user` (`iduser`, `name`, `Password`, `phone`, `email`) VALUES (6053, 'Loy Price', 'dc8ded803fd6453ac2eedd17ef9c4c21191229d6', 1961173207, 'boyd45@example.com');
INSERT INTO `user` (`iduser`, `name`, `Password`, `phone`, `email`) VALUES (7770, 'Onie Stiedemann', 'a4fecb69a80cb4a9b27dfcd0a608cdd328f7357f', 961742, 'claud42@example.org');
INSERT INTO `user` (`iduser`, `name`, `Password`, `phone`, `email`) VALUES (8774, 'Derek Balistreri', '83118794447bb100cc24769bd83eb41c9699172c', 65, 'ronaldo49@example.org');
INSERT INTO `user` (`iduser`, `name`, `Password`, `phone`, `email`) VALUES (8834, 'Lorenza Stroman', '86dc5ba44e0050763836398323006dd2af70c7a2', 46026, 'stroman.eloisa@example.net');
INSERT INTO `user` (`iduser`, `name`, `Password`, `phone`, `email`) VALUES (12741, 'Mabel Schmidt', 'f556c928aee210b757baf49800c645bee4441ba1', 481473, 'michele.king@example.com');
INSERT INTO `user` (`iduser`, `name`, `Password`, `phone`, `email`) VALUES (30278, 'Winfield Dickens', '7ab77f4069b952e38aac16ac72d2f9e63024b44d', 506, 'murray.anna@example.net');
INSERT INTO `user` (`iduser`, `name`, `Password`, `phone`, `email`) VALUES (46115, 'Lexie Brekke', 'c676a24990c0a8d949e597160a0f2188ddad96b1', 879, 'ima63@example.com');
INSERT INTO `user` (`iduser`, `name`, `Password`, `phone`, `email`) VALUES (68858, 'Alize Sipes', '807b37f7124bf7b5c9e1a5affb28082e52873dfb', 227, 'torp.victor@example.org');
INSERT INTO `user` (`iduser`, `name`, `Password`, `phone`, `email`) VALUES (71939, 'Bernadette Quigley', '348c8df62e900975e462e4d8114398144a4ecc26', 70, 'vella02@example.org');
INSERT INTO `user` (`iduser`, `name`, `Password`, `phone`, `email`) VALUES (75725, 'Grady Shanahan', '73425a433851ca5ff5b38ccdb969110360fee0a2', 25, 'hansen.erik@example.org');
INSERT INTO `user` (`iduser`, `name`, `Password`, `phone`, `email`) VALUES (93064, 'Miss Lyda Vandervort Jr.', '3262f1ae967e9eed110295106cb933079ae044aa', 806, 'felix17@example.org');
INSERT INTO `user` (`iduser`, `name`, `Password`, `phone`, `email`) VALUES (93424, 'Elyssa O\'Connell DVM', '052a7ededc50b4eab4a401ba21d760d6f77c36bb', 104, 'etremblay@example.com');
INSERT INTO `user` (`iduser`, `name`, `Password`, `phone`, `email`) VALUES (274729, 'Tyson Robel', 'f742180d57043ffbd9b26533228a2a81549db591', 644798, 'gkoepp@example.net');
INSERT INTO `user` (`iduser`, `name`, `Password`, `phone`, `email`) VALUES (416707, 'Grayson Walsh', '93e264994e434964be3fc9c7df7dd586979b3862', 437105, 'myrtie.smitham@example.org');
INSERT INTO `user` (`iduser`, `name`, `Password`, `phone`, `email`) VALUES (432374, 'Miss Melyssa Emmerich', '8481658fa49cae9eb2b7f3067409088a75d18e21', 73, 'adell72@example.org');
INSERT INTO `user` (`iduser`, `name`, `Password`, `phone`, `email`) VALUES (432777, 'Bernie Jenkins', 'e6451a6482580c53912addec9c9f1227ba622a6d', 377, 'alfred23@example.org');
INSERT INTO `user` (`iduser`, `name`, `Password`, `phone`, `email`) VALUES (636208, 'Ms. Noemi Herman DDS', '77a87d9d81b63505989ceea070ccfe5936c52e10', 386, 'charlotte.ledner@example.com');
INSERT INTO `user` (`iduser`, `name`, `Password`, `phone`, `email`) VALUES (825125, 'Dr. Myron Cartwright', 'b12696c1d1b8b0d3019fb7168af5749b1dd4ed29', 129629, 'jorge07@example.com');
INSERT INTO `user` (`iduser`, `name`, `Password`, `phone`, `email`) VALUES (977698, 'Nils Legros', '41e69525abf2d565222c7e24e2154eb32daa66b4', 179, 'christophe21@example.com');
INSERT INTO `user` (`iduser`, `name`, `Password`, `phone`, `email`) VALUES (2015032, 'Dr. Laney Goodwin Sr.', 'ece7bf5c86815664316148a9a45830ac3026a9a2', 57, 'loren.ernser@example.com');
INSERT INTO `user` (`iduser`, `name`, `Password`, `phone`, `email`) VALUES (3444297, 'Prof. Norberto Funk DDS', '39bc2e24243685f9da903e9a53e7fe263cd722a3', 185552, 'zbrekke@example.org');
INSERT INTO `user` (`iduser`, `name`, `Password`, `phone`, `email`) VALUES (4315216, 'Wilton Hartmann', 'de73fa67b2c9e97516ffd8df82c58a2ec984af88', 373510, 'alize45@example.com');
INSERT INTO `user` (`iduser`, `name`, `Password`, `phone`, `email`) VALUES (4517943, 'Dr. Juanita Macejkovic IV', '7ae2f75210f7740e8d9448c2d6c4563a2c3ff425', 494, 'mable10@example.org');
INSERT INTO `user` (`iduser`, `name`, `Password`, `phone`, `email`) VALUES (5114425, 'Missouri Jast', '1428a7c1973155c1a0a2e2f42d20cf9736b6f23f', 919711, 'kristian82@example.net');
INSERT INTO `user` (`iduser`, `name`, `Password`, `phone`, `email`) VALUES (6021834, 'Reilly Greenholt', '623a3c1a760ae889220972f2d90c474602c82525', 450, 'eulalia30@example.org');
INSERT INTO `user` (`iduser`, `name`, `Password`, `phone`, `email`) VALUES (6990714, 'Ashlee Legros', '4b19600f0d8a6d3eae09ed0de17b47e22f5ec0cf', 1050926323, 'abbigail.lueilwitz@example.com');
INSERT INTO `user` (`iduser`, `name`, `Password`, `phone`, `email`) VALUES (9929762, 'Avis Wilkinson', '7479d92024fbd1b913b7bfbb14ac80f49355b7e0', 971012, 'gregg26@example.org');
INSERT INTO `user` (`iduser`, `name`, `Password`, `phone`, `email`) VALUES (61696229, 'Ashtyn Schmitt', '3fd79e96a005ee31d037f3b0f404c2c247f831f3', 95, 'malvina35@example.net');
INSERT INTO `user` (`iduser`, `name`, `Password`, `phone`, `email`) VALUES (62428631, 'Eula Schamberger', 'e48b7892e75e76fc84c1e2d2c3160109e7d1282e', 885, 'wcorkery@example.org');
INSERT INTO `user` (`iduser`, `name`, `Password`, `phone`, `email`) VALUES (65405473, 'Dr. Aliyah Senger', '343e418fdf628ffd54566917b42057cefae94822', 71, 'qgreenfelder@example.org');
INSERT INTO `user` (`iduser`, `name`, `Password`, `phone`, `email`) VALUES (77113370, 'Mr. Jayme Nolan PhD', 'ceaf2d928a98d6a8a960f39fac0490599e47ed93', 423796, 'arlo.wolff@example.com');
INSERT INTO `user` (`iduser`, `name`, `Password`, `phone`, `email`) VALUES (79495730, 'Dr. Mckayla Kozey MD', '45f509d083bb9b4bb0ec49eb9b3534ce28dbb227', 14, 'darrel.wolff@example.org');
INSERT INTO `user` (`iduser`, `name`, `Password`, `phone`, `email`) VALUES (90180744, 'Margie Lind', '7ae838bf49a315c3e5dd1a3779dc1b910f9f4025', 91, 'jlarkin@example.net');
INSERT INTO `user` (`iduser`, `name`, `Password`, `phone`, `email`) VALUES (98764122, 'Green Goyette', 'd50290f631a5c84c4c5b1e8eacc5bd8edd05ba4e', 249351, 'fadel.lafayette@example.com');
INSERT INTO `user` (`iduser`, `name`, `Password`, `phone`, `email`) VALUES (164723193, 'Prof. Roma Kuhn Sr.', 'e4ca366529a6e48e7a3535fc4858625d3d094de9', 195645, 'saul.lowe@example.com');
INSERT INTO `user` (`iduser`, `name`, `Password`, `phone`, `email`) VALUES (440545321, 'Jess Mueller', 'ed041b6167dea24d91c807217d2fd149bf4a410a', 682804, 'spencer.jeromy@example.org');
INSERT INTO `user` (`iduser`, `name`, `Password`, `phone`, `email`) VALUES (647219763, 'Bonita Sporer', '8b06d5b19fba2668a85e7af0e16107d94b5d9eae', 495, 'edgardo26@example.org');
INSERT INTO `user` (`iduser`, `name`, `Password`, `phone`, `email`) VALUES (926821080, 'Prof. Brady Roberts', '1d792ffd7703884655f8de40f3420475eda7482f', 644197, 'ankunding.corene@example.org');
INSERT INTO `user` (`iduser`, `name`, `Password`, `phone`, `email`) VALUES (952904846, 'Ariel Walter', '678464012779b2d92a5419c36156e4b13a34f7c7', 445, 'dakota.muller@example.net');